ISO-10303-21;
HEADER;
/* Generated by software containing ST-Developer
 * from STEP Tools, Inc. (www.steptools.com) 
 */
/* OPTION: using custom renumber hook */

FILE_DESCRIPTION(
/* description */ ('STEP AP242 Edition 2',
'CAx-IF Rec.Pracs.---Representation and Presentation of Product Manufa
cturing Information (PMI)---4.0---2014-10-13',
'CAx-IF Rec.Pracs.---3D Tessellated Geometry---0.4---2014-09-14','2;1',
'CAx-IF Rec.Pracs.---User Defined Attributes---1.5---2016-08-15'),
/* implementation_level */ '2;1');

FILE_NAME(
/* name */ 'Part Studio 1 - Part 2',
/* time_stamp */ '2026-09-17T20:18:50Z',
/* author */ (''),
/* organization */ (''),
/* preprocessor_version */ 'ST-DEVELOPER v20',
/* originating_system */ 'ONSHAPE BY PTC INC, 1.220',
/* authorisation */ '  ');

FILE_SCHEMA (('AP242_MANAGED_MODEL_BASED_3D_ENGINEERING_MIM_LF { 1 0 10303 442 3 1 4 }'));
ENDSEC;

DATA;
#10=SHAPE_REPRESENTATION_RELATIONSHIP('','',#2795,#11);
#11=ADVANCED_BREP_SHAPE_REPRESENTATION('',(#2793),#4441);
#12=CYLINDRICAL_SURFACE('',#2841,0.00230235529023182);
#13=CYLINDRICAL_SURFACE('',#2849,0.00230235529023183);
#14=CYLINDRICAL_SURFACE('',#2858,0.00230235529023182);
#15=CYLINDRICAL_SURFACE('',#2867,0.00230235529023183);
#16=CYLINDRICAL_SURFACE('',#2872,0.00160676834195572);
#17=CYLINDRICAL_SURFACE('',#2875,0.00160676834195571);
#18=CYLINDRICAL_SURFACE('',#2878,0.00160074814401647);
#19=CYLINDRICAL_SURFACE('',#2881,0.00160074814401646);
#20=CYLINDRICAL_SURFACE('',#2902,0.000928555920228703);
#21=CYLINDRICAL_SURFACE('',#2903,0.000928555920228703);
#22=CYLINDRICAL_SURFACE('',#2904,0.000928555920228703);
#23=CYLINDRICAL_SURFACE('',#2905,0.000928555920228703);
#24=CYLINDRICAL_SURFACE('',#2906,0.000928555920228703);
#25=CYLINDRICAL_SURFACE('',#2912,0.00115229318421195);
#26=CYLINDRICAL_SURFACE('',#2916,0.00115229318421212);
#27=CYLINDRICAL_SURFACE('',#2939,0.001152293184212);
#28=CYLINDRICAL_SURFACE('',#2941,0.000874432089974484);
#29=CYLINDRICAL_SURFACE('',#2974,0.000928555920228703);
#30=ELLIPSE('',#2809,0.000928555955580708,0.000928555920228703);
#31=ELLIPSE('',#2810,0.000928555955580708,0.000928555920228703);
#32=ELLIPSE('',#2811,0.000928555955580708,0.000928555920228703);
#33=ELLIPSE('',#2812,0.000928555955580708,0.000928555920228703);
#34=ELLIPSE('',#2813,0.000928555955580708,0.000928555920228703);
#35=ELLIPSE('',#2814,0.000928555955580708,0.000928555920228703);
#36=ELLIPSE('',#2815,0.00115229322808209,0.00115229318421195);
#37=ELLIPSE('',#2816,0.00115229322808226,0.00115229318421212);
#38=ELLIPSE('',#2817,0.00115229322808214,0.001152293184212);
#39=ELLIPSE('',#2818,0.000874432123265884,0.000874432089974484);
#40=ELLIPSE('',#2821,0.00160677115096167,0.00160676834195571);
#41=ELLIPSE('',#2823,0.00160074820496019,0.00160074814401646);
#42=ELLIPSE('',#2833,0.00160677115096168,0.00160676834195572);
#43=ELLIPSE('',#2835,0.00160074820496019,0.00160074814401647);
#44=ELLIPSE('',#2843,0.00230235537788715,0.00230235529023182);
#45=ELLIPSE('',#2851,0.00230235537788716,0.00230235529023183);
#46=ELLIPSE('',#2860,0.00230235537788715,0.00230235529023182);
#47=ELLIPSE('',#2869,0.00230235537788716,0.00230235529023183);
#48=LINE('',#3673,#384);
#49=LINE('',#3676,#385);
#50=LINE('',#3678,#386);
#51=LINE('',#3680,#387);
#52=LINE('',#3681,#388);
#53=LINE('',#3684,#389);
#54=LINE('',#3686,#390);
#55=LINE('',#3688,#391);
#56=LINE('',#3690,#392);
#57=LINE('',#3692,#393);
#58=LINE('',#3694,#394);
#59=LINE('',#3696,#395);
#60=LINE('',#3697,#396);
#61=LINE('',#3700,#397);
#62=LINE('',#3702,#398);
#63=LINE('',#3704,#399);
#64=LINE('',#3706,#400);
#65=LINE('',#3708,#401);
#66=LINE('',#3710,#402);
#67=LINE('',#3712,#403);
#68=LINE('',#3714,#404);
#69=LINE('',#3715,#405);
#70=LINE('',#3718,#406);
#71=LINE('',#3720,#407);
#72=LINE('',#3721,#408);
#73=LINE('',#3724,#409);
#74=LINE('',#3726,#410);
#75=LINE('',#3728,#411);
#76=LINE('',#3729,#412);
#77=LINE('',#3732,#413);
#78=LINE('',#3734,#414);
#79=LINE('',#3736,#415);
#80=LINE('',#3737,#416);
#81=LINE('',#3740,#417);
#82=LINE('',#3742,#418);
#83=LINE('',#3744,#419);
#84=LINE('',#3746,#420);
#85=LINE('',#3748,#421);
#86=LINE('',#3750,#422);
#87=LINE('',#3752,#423);
#88=LINE('',#3754,#424);
#89=LINE('',#3756,#425);
#90=LINE('',#3758,#426);
#91=LINE('',#3760,#427);
#92=LINE('',#3771,#428);
#93=LINE('',#3774,#429);
#94=LINE('',#3776,#430);
#95=LINE('',#3778,#431);
#96=LINE('',#3779,#432);
#97=LINE('',#3784,#433);
#98=LINE('',#3786,#434);
#99=LINE('',#3788,#435);
#100=LINE('',#3791,#436);
#101=LINE('',#3794,#437);
#102=LINE('',#3796,#438);
#103=LINE('',#3798,#439);
#104=LINE('',#3800,#440);
#105=LINE('',#3802,#441);
#106=LINE('',#3804,#442);
#107=LINE('',#3806,#443);
#108=LINE('',#3808,#444);
#109=LINE('',#3809,#445);
#110=LINE('',#3814,#446);
#111=LINE('',#3817,#447);
#112=LINE('',#3820,#448);
#113=LINE('',#3822,#449);
#114=LINE('',#3824,#450);
#115=LINE('',#3825,#451);
#116=LINE('',#3828,#452);
#117=LINE('',#3830,#453);
#118=LINE('',#3832,#454);
#119=LINE('',#3834,#455);
#120=LINE('',#3836,#456);
#121=LINE('',#3838,#457);
#122=LINE('',#3840,#458);
#123=LINE('',#3842,#459);
#124=LINE('',#3844,#460);
#125=LINE('',#3846,#461);
#126=LINE('',#3848,#462);
#127=LINE('',#3849,#463);
#128=LINE('',#3852,#464);
#129=LINE('',#3854,#465);
#130=LINE('',#3856,#466);
#131=LINE('',#3860,#467);
#132=LINE('',#3863,#468);
#133=LINE('',#3865,#469);
#134=LINE('',#3867,#470);
#135=LINE('',#3868,#471);
#136=LINE('',#3871,#472);
#137=LINE('',#3873,#473);
#138=LINE('',#3875,#474);
#139=LINE('',#3877,#475);
#140=LINE('',#3879,#476);
#141=LINE('',#3881,#477);
#142=LINE('',#3883,#478);
#143=LINE('',#3884,#479);
#144=LINE('',#3887,#480);
#145=LINE('',#3889,#481);
#146=LINE('',#3891,#482);
#147=LINE('',#3893,#483);
#148=LINE('',#3895,#484);
#149=LINE('',#3897,#485);
#150=LINE('',#3899,#486);
#151=LINE('',#3901,#487);
#152=LINE('',#3902,#488);
#153=LINE('',#3905,#489);
#154=LINE('',#3907,#490);
#155=LINE('',#3908,#491);
#156=LINE('',#3911,#492);
#157=LINE('',#3913,#493);
#158=LINE('',#3915,#494);
#159=LINE('',#3917,#495);
#160=LINE('',#3919,#496);
#161=LINE('',#3921,#497);
#162=LINE('',#3923,#498);
#163=LINE('',#3925,#499);
#164=LINE('',#3927,#500);
#165=LINE('',#3929,#501);
#166=LINE('',#3931,#502);
#167=LINE('',#3932,#503);
#168=LINE('',#3935,#504);
#169=LINE('',#3937,#505);
#170=LINE('',#3939,#506);
#171=LINE('',#3940,#507);
#172=LINE('',#3943,#508);
#173=LINE('',#3945,#509);
#174=LINE('',#3947,#510);
#175=LINE('',#3948,#511);
#176=LINE('',#3951,#512);
#177=LINE('',#3953,#513);
#178=LINE('',#3955,#514);
#179=LINE('',#3956,#515);
#180=LINE('',#3959,#516);
#181=LINE('',#3961,#517);
#182=LINE('',#3963,#518);
#183=LINE('',#3965,#519);
#184=LINE('',#3967,#520);
#185=LINE('',#3969,#521);
#186=LINE('',#3971,#522);
#187=LINE('',#3973,#523);
#188=LINE('',#3975,#524);
#189=LINE('',#3977,#525);
#190=LINE('',#3979,#526);
#191=LINE('',#3990,#527);
#192=LINE('',#3993,#528);
#193=LINE('',#3995,#529);
#194=LINE('',#3997,#530);
#195=LINE('',#3998,#531);
#196=LINE('',#4003,#532);
#197=LINE('',#4005,#533);
#198=LINE('',#4007,#534);
#199=LINE('',#4010,#535);
#200=LINE('',#4013,#536);
#201=LINE('',#4015,#537);
#202=LINE('',#4017,#538);
#203=LINE('',#4019,#539);
#204=LINE('',#4021,#540);
#205=LINE('',#4023,#541);
#206=LINE('',#4025,#542);
#207=LINE('',#4027,#543);
#208=LINE('',#4028,#544);
#209=LINE('',#4033,#545);
#210=LINE('',#4036,#546);
#211=LINE('',#4039,#547);
#212=LINE('',#4041,#548);
#213=LINE('',#4043,#549);
#214=LINE('',#4044,#550);
#215=LINE('',#4047,#551);
#216=LINE('',#4049,#552);
#217=LINE('',#4051,#553);
#218=LINE('',#4053,#554);
#219=LINE('',#4055,#555);
#220=LINE('',#4057,#556);
#221=LINE('',#4059,#557);
#222=LINE('',#4061,#558);
#223=LINE('',#4063,#559);
#224=LINE('',#4065,#560);
#225=LINE('',#4067,#561);
#226=LINE('',#4068,#562);
#227=LINE('',#4071,#563);
#228=LINE('',#4073,#564);
#229=LINE('',#4075,#565);
#230=LINE('',#4077,#566);
#231=LINE('',#4079,#567);
#232=LINE('',#4081,#568);
#233=LINE('',#4083,#569);
#234=LINE('',#4085,#570);
#235=LINE('',#4089,#571);
#236=LINE('',#4092,#572);
#237=LINE('',#4094,#573);
#238=LINE('',#4096,#574);
#239=LINE('',#4100,#575);
#240=LINE('',#4101,#576);
#241=LINE('',#4103,#577);
#242=LINE('',#4105,#578);
#243=LINE('',#4107,#579);
#244=LINE('',#4108,#580);
#245=LINE('',#4110,#581);
#246=LINE('',#4112,#582);
#247=LINE('',#4114,#583);
#248=LINE('',#4116,#584);
#249=LINE('',#4118,#585);
#250=LINE('',#4120,#586);
#251=LINE('',#4122,#587);
#252=LINE('',#4124,#588);
#253=LINE('',#4126,#589);
#254=LINE('',#4129,#590);
#255=LINE('',#4130,#591);
#256=LINE('',#4132,#592);
#257=LINE('',#4134,#593);
#258=LINE('',#4136,#594);
#259=LINE('',#4140,#595);
#260=LINE('',#4142,#596);
#261=LINE('',#4146,#597);
#262=LINE('',#4149,#598);
#263=LINE('',#4151,#599);
#264=LINE('',#4153,#600);
#265=LINE('',#4155,#601);
#266=LINE('',#4157,#602);
#267=LINE('',#4159,#603);
#268=LINE('',#4161,#604);
#269=LINE('',#4163,#605);
#270=LINE('',#4172,#606);
#271=LINE('',#4174,#607);
#272=LINE('',#4175,#608);
#273=LINE('',#4177,#609);
#274=LINE('',#4179,#610);
#275=LINE('',#4181,#611);
#276=LINE('',#4183,#612);
#277=LINE('',#4192,#613);
#278=LINE('',#4194,#614);
#279=LINE('',#4196,#615);
#280=LINE('',#4198,#616);
#281=LINE('',#4200,#617);
#282=LINE('',#4202,#618);
#283=LINE('',#4204,#619);
#284=LINE('',#4206,#620);
#285=LINE('',#4215,#621);
#286=LINE('',#4217,#622);
#287=LINE('',#4219,#623);
#288=LINE('',#4221,#624);
#289=LINE('',#4223,#625);
#290=LINE('',#4225,#626);
#291=LINE('',#4227,#627);
#292=LINE('',#4229,#628);
#293=LINE('',#4231,#629);
#294=LINE('',#4233,#630);
#295=LINE('',#4235,#631);
#296=LINE('',#4236,#632);
#297=LINE('',#4261,#633);
#298=LINE('',#4262,#634);
#299=LINE('',#4264,#635);
#300=LINE('',#4266,#636);
#301=LINE('',#4268,#637);
#302=LINE('',#4270,#638);
#303=LINE('',#4272,#639);
#304=LINE('',#4273,#640);
#305=LINE('',#4277,#641);
#306=LINE('',#4278,#642);
#307=LINE('',#4280,#643);
#308=LINE('',#4282,#644);
#309=LINE('',#4284,#645);
#310=LINE('',#4286,#646);
#311=LINE('',#4288,#647);
#312=LINE('',#4290,#648);
#313=LINE('',#4292,#649);
#314=LINE('',#4294,#650);
#315=LINE('',#4296,#651);
#316=LINE('',#4298,#652);
#317=LINE('',#4306,#653);
#318=LINE('',#4307,#654);
#319=LINE('',#4309,#655);
#320=LINE('',#4311,#656);
#321=LINE('',#4314,#657);
#322=LINE('',#4315,#658);
#323=LINE('',#4317,#659);
#324=LINE('',#4319,#660);
#325=LINE('',#4321,#661);
#326=LINE('',#4323,#662);
#327=LINE('',#4326,#663);
#328=LINE('',#4327,#664);
#329=LINE('',#4329,#665);
#330=LINE('',#4332,#666);
#331=LINE('',#4333,#667);
#332=LINE('',#4335,#668);
#333=LINE('',#4337,#669);
#334=LINE('',#4339,#670);
#335=LINE('',#4341,#671);
#336=LINE('',#4343,#672);
#337=LINE('',#4345,#673);
#338=LINE('',#4347,#674);
#339=LINE('',#4350,#675);
#340=LINE('',#4351,#676);
#341=LINE('',#4353,#677);
#342=LINE('',#4355,#678);
#343=LINE('',#4357,#679);
#344=LINE('',#4359,#680);
#345=LINE('',#4361,#681);
#346=LINE('',#4363,#682);
#347=LINE('',#4365,#683);
#348=LINE('',#4368,#684);
#349=LINE('',#4369,#685);
#350=LINE('',#4371,#686);
#351=LINE('',#4373,#687);
#352=LINE('',#4376,#688);
#353=LINE('',#4377,#689);
#354=LINE('',#4379,#690);
#355=LINE('',#4381,#691);
#356=LINE('',#4383,#692);
#357=LINE('',#4385,#693);
#358=LINE('',#4387,#694);
#359=LINE('',#4389,#695);
#360=LINE('',#4392,#696);
#361=LINE('',#4393,#697);
#362=LINE('',#4395,#698);
#363=LINE('',#4397,#699);
#364=LINE('',#4400,#700);
#365=LINE('',#4401,#701);
#366=LINE('',#4403,#702);
#367=LINE('',#4405,#703);
#368=LINE('',#4407,#704);
#369=LINE('',#4409,#705);
#370=LINE('',#4411,#706);
#371=LINE('',#4413,#707);
#372=LINE('',#4415,#708);
#373=LINE('',#4417,#709);
#374=LINE('',#4419,#710);
#375=LINE('',#4421,#711);
#376=LINE('',#4424,#712);
#377=LINE('',#4425,#713);
#378=LINE('',#4427,#714);
#379=LINE('',#4429,#715);
#380=LINE('',#4432,#716);
#381=LINE('',#4433,#717);
#382=LINE('',#4435,#718);
#383=LINE('',#4437,#719);
#384=VECTOR('',#2981,1.);
#385=VECTOR('',#2982,1.);
#386=VECTOR('',#2983,1.);
#387=VECTOR('',#2984,1.);
#388=VECTOR('',#2985,1.);
#389=VECTOR('',#2986,1.);
#390=VECTOR('',#2987,1.);
#391=VECTOR('',#2988,1.);
#392=VECTOR('',#2989,1.);
#393=VECTOR('',#2990,1.);
#394=VECTOR('',#2991,1.);
#395=VECTOR('',#2992,1.);
#396=VECTOR('',#2993,1.);
#397=VECTOR('',#2994,1.);
#398=VECTOR('',#2995,1.);
#399=VECTOR('',#2996,1.);
#400=VECTOR('',#2997,1.);
#401=VECTOR('',#2998,1.);
#402=VECTOR('',#2999,1.);
#403=VECTOR('',#3000,1.);
#404=VECTOR('',#3001,1.);
#405=VECTOR('',#3002,1.);
#406=VECTOR('',#3003,1.);
#407=VECTOR('',#3004,1.);
#408=VECTOR('',#3005,1.);
#409=VECTOR('',#3006,1.);
#410=VECTOR('',#3007,1.);
#411=VECTOR('',#3008,1.);
#412=VECTOR('',#3009,1.);
#413=VECTOR('',#3010,1.);
#414=VECTOR('',#3011,1.);
#415=VECTOR('',#3012,1.);
#416=VECTOR('',#3013,1.);
#417=VECTOR('',#3014,1.);
#418=VECTOR('',#3015,1.);
#419=VECTOR('',#3016,1.);
#420=VECTOR('',#3017,1.);
#421=VECTOR('',#3018,1.);
#422=VECTOR('',#3019,1.);
#423=VECTOR('',#3020,1.);
#424=VECTOR('',#3021,1.);
#425=VECTOR('',#3022,1.);
#426=VECTOR('',#3023,1.);
#427=VECTOR('',#3024,1.);
#428=VECTOR('',#3035,1.);
#429=VECTOR('',#3036,1.);
#430=VECTOR('',#3037,1.);
#431=VECTOR('',#3038,1.);
#432=VECTOR('',#3039,1.);
#433=VECTOR('',#3042,1.);
#434=VECTOR('',#3043,1.);
#435=VECTOR('',#3044,1.);
#436=VECTOR('',#3047,1.);
#437=VECTOR('',#3048,1.);
#438=VECTOR('',#3049,1.);
#439=VECTOR('',#3050,1.);
#440=VECTOR('',#3051,1.);
#441=VECTOR('',#3052,1.);
#442=VECTOR('',#3053,1.);
#443=VECTOR('',#3054,1.);
#444=VECTOR('',#3055,1.);
#445=VECTOR('',#3056,1.);
#446=VECTOR('',#3059,1.);
#447=VECTOR('',#3062,1.);
#448=VECTOR('',#3063,1.);
#449=VECTOR('',#3064,1.);
#450=VECTOR('',#3065,1.);
#451=VECTOR('',#3066,1.);
#452=VECTOR('',#3067,1.);
#453=VECTOR('',#3068,1.);
#454=VECTOR('',#3069,1.);
#455=VECTOR('',#3070,1.);
#456=VECTOR('',#3071,1.);
#457=VECTOR('',#3072,1.);
#458=VECTOR('',#3073,1.);
#459=VECTOR('',#3074,1.);
#460=VECTOR('',#3075,1.);
#461=VECTOR('',#3076,1.);
#462=VECTOR('',#3077,1.);
#463=VECTOR('',#3078,1.);
#464=VECTOR('',#3079,1.);
#465=VECTOR('',#3080,1.);
#466=VECTOR('',#3081,1.);
#467=VECTOR('',#3086,1.);
#468=VECTOR('',#3087,1.);
#469=VECTOR('',#3088,1.);
#470=VECTOR('',#3089,1.);
#471=VECTOR('',#3090,1.);
#472=VECTOR('',#3091,1.);
#473=VECTOR('',#3092,1.);
#474=VECTOR('',#3093,1.);
#475=VECTOR('',#3094,1.);
#476=VECTOR('',#3095,1.);
#477=VECTOR('',#3096,1.);
#478=VECTOR('',#3097,1.);
#479=VECTOR('',#3098,1.);
#480=VECTOR('',#3099,1.);
#481=VECTOR('',#3100,1.);
#482=VECTOR('',#3101,1.);
#483=VECTOR('',#3102,1.);
#484=VECTOR('',#3103,1.);
#485=VECTOR('',#3104,1.);
#486=VECTOR('',#3105,1.);
#487=VECTOR('',#3106,1.);
#488=VECTOR('',#3107,1.);
#489=VECTOR('',#3108,1.);
#490=VECTOR('',#3109,1.);
#491=VECTOR('',#3110,1.);
#492=VECTOR('',#3111,1.);
#493=VECTOR('',#3112,1.);
#494=VECTOR('',#3113,1.);
#495=VECTOR('',#3114,1.);
#496=VECTOR('',#3115,1.);
#497=VECTOR('',#3116,1.);
#498=VECTOR('',#3117,1.);
#499=VECTOR('',#3118,1.);
#500=VECTOR('',#3119,1.);
#501=VECTOR('',#3120,1.);
#502=VECTOR('',#3121,1.);
#503=VECTOR('',#3122,1.);
#504=VECTOR('',#3123,1.);
#505=VECTOR('',#3124,1.);
#506=VECTOR('',#3125,1.);
#507=VECTOR('',#3126,1.);
#508=VECTOR('',#3127,1.);
#509=VECTOR('',#3128,1.);
#510=VECTOR('',#3129,1.);
#511=VECTOR('',#3130,1.);
#512=VECTOR('',#3131,1.);
#513=VECTOR('',#3132,1.);
#514=VECTOR('',#3133,1.);
#515=VECTOR('',#3134,1.);
#516=VECTOR('',#3135,1.);
#517=VECTOR('',#3136,1.);
#518=VECTOR('',#3137,1.);
#519=VECTOR('',#3138,1.);
#520=VECTOR('',#3139,1.);
#521=VECTOR('',#3140,1.);
#522=VECTOR('',#3141,1.);
#523=VECTOR('',#3142,1.);
#524=VECTOR('',#3143,1.);
#525=VECTOR('',#3144,1.);
#526=VECTOR('',#3145,1.);
#527=VECTOR('',#3156,1.);
#528=VECTOR('',#3157,1.);
#529=VECTOR('',#3158,1.);
#530=VECTOR('',#3159,1.);
#531=VECTOR('',#3160,1.);
#532=VECTOR('',#3163,1.);
#533=VECTOR('',#3164,1.);
#534=VECTOR('',#3165,1.);
#535=VECTOR('',#3168,1.);
#536=VECTOR('',#3169,1.);
#537=VECTOR('',#3170,1.);
#538=VECTOR('',#3171,1.);
#539=VECTOR('',#3172,1.);
#540=VECTOR('',#3173,1.);
#541=VECTOR('',#3174,1.);
#542=VECTOR('',#3175,1.);
#543=VECTOR('',#3176,1.);
#544=VECTOR('',#3177,1.);
#545=VECTOR('',#3180,1.);
#546=VECTOR('',#3183,1.);
#547=VECTOR('',#3184,1.);
#548=VECTOR('',#3185,1.);
#549=VECTOR('',#3186,1.);
#550=VECTOR('',#3187,1.);
#551=VECTOR('',#3188,1.);
#552=VECTOR('',#3189,1.);
#553=VECTOR('',#3190,1.);
#554=VECTOR('',#3191,1.);
#555=VECTOR('',#3192,1.);
#556=VECTOR('',#3193,1.);
#557=VECTOR('',#3194,1.);
#558=VECTOR('',#3195,1.);
#559=VECTOR('',#3196,1.);
#560=VECTOR('',#3197,1.);
#561=VECTOR('',#3198,1.);
#562=VECTOR('',#3199,1.);
#563=VECTOR('',#3200,1.);
#564=VECTOR('',#3201,1.);
#565=VECTOR('',#3202,1.);
#566=VECTOR('',#3205,1.);
#567=VECTOR('',#3206,1.);
#568=VECTOR('',#3207,1.);
#569=VECTOR('',#3208,1.);
#570=VECTOR('',#3209,1.);
#571=VECTOR('',#3214,1.);
#572=VECTOR('',#3215,1.);
#573=VECTOR('',#3216,1.);
#574=VECTOR('',#3217,1.);
#575=VECTOR('',#3222,1.);
#576=VECTOR('',#3223,1.);
#577=VECTOR('',#3224,1.);
#578=VECTOR('',#3227,1.);
#579=VECTOR('',#3228,1.);
#580=VECTOR('',#3229,1.);
#581=VECTOR('',#3232,1.);
#582=VECTOR('',#3233,1.);
#583=VECTOR('',#3236,1.);
#584=VECTOR('',#3237,1.);
#585=VECTOR('',#3240,1.);
#586=VECTOR('',#3241,1.);
#587=VECTOR('',#3244,1.);
#588=VECTOR('',#3245,1.);
#589=VECTOR('',#3248,1.);
#590=VECTOR('',#3249,1.);
#591=VECTOR('',#3250,1.);
#592=VECTOR('',#3253,1.);
#593=VECTOR('',#3256,1.);
#594=VECTOR('',#3257,1.);
#595=VECTOR('',#3262,1.);
#596=VECTOR('',#3263,1.);
#597=VECTOR('',#3268,1.);
#598=VECTOR('',#3273,1.);
#599=VECTOR('',#3274,1.);
#600=VECTOR('',#3275,1.);
#601=VECTOR('',#3278,1.);
#602=VECTOR('',#3279,1.);
#603=VECTOR('',#3282,1.);
#604=VECTOR('',#3283,1.);
#605=VECTOR('',#3286,1.);
#606=VECTOR('',#3299,1.);
#607=VECTOR('',#3300,1.);
#608=VECTOR('',#3301,1.);
#609=VECTOR('',#3302,1.);
#610=VECTOR('',#3305,1.);
#611=VECTOR('',#3306,1.);
#612=VECTOR('',#3309,1.);
#613=VECTOR('',#3322,1.);
#614=VECTOR('',#3323,1.);
#615=VECTOR('',#3324,1.);
#616=VECTOR('',#3327,1.);
#617=VECTOR('',#3328,1.);
#618=VECTOR('',#3331,1.);
#619=VECTOR('',#3332,1.);
#620=VECTOR('',#3335,1.);
#621=VECTOR('',#3348,1.);
#622=VECTOR('',#3349,1.);
#623=VECTOR('',#3350,1.);
#624=VECTOR('',#3351,1.);
#625=VECTOR('',#3352,1.);
#626=VECTOR('',#3355,1.);
#627=VECTOR('',#3356,1.);
#628=VECTOR('',#3359,1.);
#629=VECTOR('',#3360,1.);
#630=VECTOR('',#3363,1.);
#631=VECTOR('',#3364,1.);
#632=VECTOR('',#3365,1.);
#633=VECTOR('',#3402,1.);
#634=VECTOR('',#3403,1.);
#635=VECTOR('',#3406,1.);
#636=VECTOR('',#3407,1.);
#637=VECTOR('',#3410,1.);
#638=VECTOR('',#3411,1.);
#639=VECTOR('',#3414,1.);
#640=VECTOR('',#3415,1.);
#641=VECTOR('',#3422,1.);
#642=VECTOR('',#3423,1.);
#643=VECTOR('',#3426,1.);
#644=VECTOR('',#3429,1.);
#645=VECTOR('',#3432,1.);
#646=VECTOR('',#3435,1.);
#647=VECTOR('',#3438,1.);
#648=VECTOR('',#3441,1.);
#649=VECTOR('',#3444,1.);
#650=VECTOR('',#3447,1.);
#651=VECTOR('',#3450,1.);
#652=VECTOR('',#3453,1.);
#653=VECTOR('',#3468,1.);
#654=VECTOR('',#3469,1.);
#655=VECTOR('',#3472,1.);
#656=VECTOR('',#3475,1.);
#657=VECTOR('',#3480,1.);
#658=VECTOR('',#3481,1.);
#659=VECTOR('',#3484,1.);
#660=VECTOR('',#3487,1.);
#661=VECTOR('',#3490,1.);
#662=VECTOR('',#3493,1.);
#663=VECTOR('',#3498,1.);
#664=VECTOR('',#3499,1.);
#665=VECTOR('',#3502,1.);
#666=VECTOR('',#3507,1.);
#667=VECTOR('',#3508,1.);
#668=VECTOR('',#3511,1.);
#669=VECTOR('',#3514,1.);
#670=VECTOR('',#3517,1.);
#671=VECTOR('',#3520,1.);
#672=VECTOR('',#3523,1.);
#673=VECTOR('',#3526,1.);
#674=VECTOR('',#3529,1.);
#675=VECTOR('',#3534,1.);
#676=VECTOR('',#3535,1.);
#677=VECTOR('',#3538,1.);
#678=VECTOR('',#3541,1.);
#679=VECTOR('',#3544,1.);
#680=VECTOR('',#3547,1.);
#681=VECTOR('',#3550,1.);
#682=VECTOR('',#3553,1.);
#683=VECTOR('',#3556,1.);
#684=VECTOR('',#3561,1.);
#685=VECTOR('',#3562,1.);
#686=VECTOR('',#3565,1.);
#687=VECTOR('',#3568,1.);
#688=VECTOR('',#3573,1.);
#689=VECTOR('',#3574,1.);
#690=VECTOR('',#3577,1.);
#691=VECTOR('',#3580,1.);
#692=VECTOR('',#3583,1.);
#693=VECTOR('',#3586,1.);
#694=VECTOR('',#3589,1.);
#695=VECTOR('',#3592,1.);
#696=VECTOR('',#3597,1.);
#697=VECTOR('',#3598,1.);
#698=VECTOR('',#3601,1.);
#699=VECTOR('',#3604,1.);
#700=VECTOR('',#3609,1.);
#701=VECTOR('',#3610,1.);
#702=VECTOR('',#3613,1.);
#703=VECTOR('',#3616,1.);
#704=VECTOR('',#3619,1.);
#705=VECTOR('',#3622,1.);
#706=VECTOR('',#3625,1.);
#707=VECTOR('',#3628,1.);
#708=VECTOR('',#3631,1.);
#709=VECTOR('',#3634,1.);
#710=VECTOR('',#3637,1.);
#711=VECTOR('',#3640,1.);
#712=VECTOR('',#3645,1.);
#713=VECTOR('',#3646,1.);
#714=VECTOR('',#3649,1.);
#715=VECTOR('',#3652,1.);
#716=VECTOR('',#3657,1.);
#717=VECTOR('',#3658,1.);
#718=VECTOR('',#3661,1.);
#719=VECTOR('',#3664,1.);
#720=ORIENTED_EDGE('',*,*,#1464,.F.);
#721=ORIENTED_EDGE('',*,*,#1465,.T.);
#722=ORIENTED_EDGE('',*,*,#1466,.T.);
#723=ORIENTED_EDGE('',*,*,#1467,.F.);
#724=ORIENTED_EDGE('',*,*,#1468,.F.);
#725=ORIENTED_EDGE('',*,*,#1469,.T.);
#726=ORIENTED_EDGE('',*,*,#1470,.T.);
#727=ORIENTED_EDGE('',*,*,#1471,.T.);
#728=ORIENTED_EDGE('',*,*,#1472,.T.);
#729=ORIENTED_EDGE('',*,*,#1473,.T.);
#730=ORIENTED_EDGE('',*,*,#1474,.T.);
#731=ORIENTED_EDGE('',*,*,#1475,.T.);
#732=ORIENTED_EDGE('',*,*,#1476,.T.);
#733=ORIENTED_EDGE('',*,*,#1477,.T.);
#734=ORIENTED_EDGE('',*,*,#1478,.T.);
#735=ORIENTED_EDGE('',*,*,#1479,.T.);
#736=ORIENTED_EDGE('',*,*,#1480,.T.);
#737=ORIENTED_EDGE('',*,*,#1481,.F.);
#738=ORIENTED_EDGE('',*,*,#1482,.T.);
#739=ORIENTED_EDGE('',*,*,#1483,.T.);
#740=ORIENTED_EDGE('',*,*,#1484,.T.);
#741=ORIENTED_EDGE('',*,*,#1485,.F.);
#742=ORIENTED_EDGE('',*,*,#1486,.T.);
#743=ORIENTED_EDGE('',*,*,#1487,.F.);
#744=ORIENTED_EDGE('',*,*,#1488,.F.);
#745=ORIENTED_EDGE('',*,*,#1489,.T.);
#746=ORIENTED_EDGE('',*,*,#1490,.T.);
#747=ORIENTED_EDGE('',*,*,#1491,.F.);
#748=ORIENTED_EDGE('',*,*,#1492,.F.);
#749=ORIENTED_EDGE('',*,*,#1493,.T.);
#750=ORIENTED_EDGE('',*,*,#1494,.F.);
#751=ORIENTED_EDGE('',*,*,#1495,.F.);
#752=ORIENTED_EDGE('',*,*,#1496,.T.);
#753=ORIENTED_EDGE('',*,*,#1497,.F.);
#754=ORIENTED_EDGE('',*,*,#1498,.F.);
#755=ORIENTED_EDGE('',*,*,#1499,.F.);
#756=ORIENTED_EDGE('',*,*,#1500,.T.);
#757=ORIENTED_EDGE('',*,*,#1501,.T.);
#758=ORIENTED_EDGE('',*,*,#1502,.F.);
#759=ORIENTED_EDGE('',*,*,#1503,.T.);
#760=ORIENTED_EDGE('',*,*,#1504,.T.);
#761=ORIENTED_EDGE('',*,*,#1505,.T.);
#762=ORIENTED_EDGE('',*,*,#1506,.F.);
#763=ORIENTED_EDGE('',*,*,#1507,.F.);
#764=ORIENTED_EDGE('',*,*,#1508,.T.);
#765=ORIENTED_EDGE('',*,*,#1509,.F.);
#766=ORIENTED_EDGE('',*,*,#1510,.F.);
#767=ORIENTED_EDGE('',*,*,#1511,.F.);
#768=ORIENTED_EDGE('',*,*,#1512,.F.);
#769=ORIENTED_EDGE('',*,*,#1513,.F.);
#770=ORIENTED_EDGE('',*,*,#1514,.F.);
#771=ORIENTED_EDGE('',*,*,#1515,.F.);
#772=ORIENTED_EDGE('',*,*,#1516,.F.);
#773=ORIENTED_EDGE('',*,*,#1517,.F.);
#774=ORIENTED_EDGE('',*,*,#1518,.T.);
#775=ORIENTED_EDGE('',*,*,#1519,.F.);
#776=ORIENTED_EDGE('',*,*,#1520,.F.);
#777=ORIENTED_EDGE('',*,*,#1521,.F.);
#778=ORIENTED_EDGE('',*,*,#1522,.T.);
#779=ORIENTED_EDGE('',*,*,#1523,.F.);
#780=ORIENTED_EDGE('',*,*,#1524,.T.);
#781=ORIENTED_EDGE('',*,*,#1525,.F.);
#782=ORIENTED_EDGE('',*,*,#1526,.T.);
#783=ORIENTED_EDGE('',*,*,#1527,.T.);
#784=ORIENTED_EDGE('',*,*,#1528,.T.);
#785=ORIENTED_EDGE('',*,*,#1529,.F.);
#786=ORIENTED_EDGE('',*,*,#1530,.T.);
#787=ORIENTED_EDGE('',*,*,#1531,.T.);
#788=ORIENTED_EDGE('',*,*,#1532,.T.);
#789=ORIENTED_EDGE('',*,*,#1533,.T.);
#790=ORIENTED_EDGE('',*,*,#1534,.T.);
#791=ORIENTED_EDGE('',*,*,#1535,.F.);
#792=ORIENTED_EDGE('',*,*,#1536,.F.);
#793=ORIENTED_EDGE('',*,*,#1537,.F.);
#794=ORIENTED_EDGE('',*,*,#1538,.F.);
#795=ORIENTED_EDGE('',*,*,#1539,.F.);
#796=ORIENTED_EDGE('',*,*,#1540,.F.);
#797=ORIENTED_EDGE('',*,*,#1541,.T.);
#798=ORIENTED_EDGE('',*,*,#1542,.T.);
#799=ORIENTED_EDGE('',*,*,#1543,.T.);
#800=ORIENTED_EDGE('',*,*,#1544,.F.);
#801=ORIENTED_EDGE('',*,*,#1545,.F.);
#802=ORIENTED_EDGE('',*,*,#1546,.F.);
#803=ORIENTED_EDGE('',*,*,#1547,.T.);
#804=ORIENTED_EDGE('',*,*,#1548,.T.);
#805=ORIENTED_EDGE('',*,*,#1549,.T.);
#806=ORIENTED_EDGE('',*,*,#1550,.F.);
#807=ORIENTED_EDGE('',*,*,#1551,.F.);
#808=ORIENTED_EDGE('',*,*,#1552,.F.);
#809=ORIENTED_EDGE('',*,*,#1553,.T.);
#810=ORIENTED_EDGE('',*,*,#1554,.T.);
#811=ORIENTED_EDGE('',*,*,#1555,.F.);
#812=ORIENTED_EDGE('',*,*,#1556,.F.);
#813=ORIENTED_EDGE('',*,*,#1557,.T.);
#814=ORIENTED_EDGE('',*,*,#1558,.F.);
#815=ORIENTED_EDGE('',*,*,#1559,.T.);
#816=ORIENTED_EDGE('',*,*,#1560,.T.);
#817=ORIENTED_EDGE('',*,*,#1561,.F.);
#818=ORIENTED_EDGE('',*,*,#1562,.F.);
#819=ORIENTED_EDGE('',*,*,#1563,.F.);
#820=ORIENTED_EDGE('',*,*,#1564,.F.);
#821=ORIENTED_EDGE('',*,*,#1565,.F.);
#822=ORIENTED_EDGE('',*,*,#1566,.F.);
#823=ORIENTED_EDGE('',*,*,#1567,.F.);
#824=ORIENTED_EDGE('',*,*,#1568,.F.);
#825=ORIENTED_EDGE('',*,*,#1569,.F.);
#826=ORIENTED_EDGE('',*,*,#1570,.F.);
#827=ORIENTED_EDGE('',*,*,#1571,.T.);
#828=ORIENTED_EDGE('',*,*,#1572,.F.);
#829=ORIENTED_EDGE('',*,*,#1573,.F.);
#830=ORIENTED_EDGE('',*,*,#1574,.F.);
#831=ORIENTED_EDGE('',*,*,#1575,.T.);
#832=ORIENTED_EDGE('',*,*,#1576,.F.);
#833=ORIENTED_EDGE('',*,*,#1577,.F.);
#834=ORIENTED_EDGE('',*,*,#1578,.F.);
#835=ORIENTED_EDGE('',*,*,#1579,.F.);
#836=ORIENTED_EDGE('',*,*,#1580,.T.);
#837=ORIENTED_EDGE('',*,*,#1581,.T.);
#838=ORIENTED_EDGE('',*,*,#1582,.F.);
#839=ORIENTED_EDGE('',*,*,#1583,.T.);
#840=ORIENTED_EDGE('',*,*,#1584,.T.);
#841=ORIENTED_EDGE('',*,*,#1585,.F.);
#842=ORIENTED_EDGE('',*,*,#1586,.F.);
#843=ORIENTED_EDGE('',*,*,#1587,.T.);
#844=ORIENTED_EDGE('',*,*,#1588,.T.);
#845=ORIENTED_EDGE('',*,*,#1589,.F.);
#846=ORIENTED_EDGE('',*,*,#1590,.F.);
#847=ORIENTED_EDGE('',*,*,#1591,.T.);
#848=ORIENTED_EDGE('',*,*,#1592,.T.);
#849=ORIENTED_EDGE('',*,*,#1593,.F.);
#850=ORIENTED_EDGE('',*,*,#1594,.F.);
#851=ORIENTED_EDGE('',*,*,#1595,.T.);
#852=ORIENTED_EDGE('',*,*,#1596,.T.);
#853=ORIENTED_EDGE('',*,*,#1597,.F.);
#854=ORIENTED_EDGE('',*,*,#1598,.F.);
#855=ORIENTED_EDGE('',*,*,#1599,.T.);
#856=ORIENTED_EDGE('',*,*,#1600,.T.);
#857=ORIENTED_EDGE('',*,*,#1601,.F.);
#858=ORIENTED_EDGE('',*,*,#1602,.F.);
#859=ORIENTED_EDGE('',*,*,#1603,.T.);
#860=ORIENTED_EDGE('',*,*,#1604,.T.);
#861=ORIENTED_EDGE('',*,*,#1605,.F.);
#862=ORIENTED_EDGE('',*,*,#1606,.T.);
#863=ORIENTED_EDGE('',*,*,#1607,.T.);
#864=ORIENTED_EDGE('',*,*,#1608,.T.);
#865=ORIENTED_EDGE('',*,*,#1609,.F.);
#866=ORIENTED_EDGE('',*,*,#1610,.T.);
#867=ORIENTED_EDGE('',*,*,#1611,.T.);
#868=ORIENTED_EDGE('',*,*,#1612,.F.);
#869=ORIENTED_EDGE('',*,*,#1613,.F.);
#870=ORIENTED_EDGE('',*,*,#1614,.F.);
#871=ORIENTED_EDGE('',*,*,#1615,.T.);
#872=ORIENTED_EDGE('',*,*,#1616,.F.);
#873=ORIENTED_EDGE('',*,*,#1617,.F.);
#874=ORIENTED_EDGE('',*,*,#1618,.T.);
#875=ORIENTED_EDGE('',*,*,#1619,.T.);
#876=ORIENTED_EDGE('',*,*,#1620,.T.);
#877=ORIENTED_EDGE('',*,*,#1621,.T.);
#878=ORIENTED_EDGE('',*,*,#1622,.T.);
#879=ORIENTED_EDGE('',*,*,#1623,.T.);
#880=ORIENTED_EDGE('',*,*,#1624,.T.);
#881=ORIENTED_EDGE('',*,*,#1625,.T.);
#882=ORIENTED_EDGE('',*,*,#1626,.T.);
#883=ORIENTED_EDGE('',*,*,#1627,.F.);
#884=ORIENTED_EDGE('',*,*,#1628,.T.);
#885=ORIENTED_EDGE('',*,*,#1629,.F.);
#886=ORIENTED_EDGE('',*,*,#1630,.T.);
#887=ORIENTED_EDGE('',*,*,#1631,.T.);
#888=ORIENTED_EDGE('',*,*,#1632,.T.);
#889=ORIENTED_EDGE('',*,*,#1633,.F.);
#890=ORIENTED_EDGE('',*,*,#1634,.F.);
#891=ORIENTED_EDGE('',*,*,#1635,.F.);
#892=ORIENTED_EDGE('',*,*,#1636,.F.);
#893=ORIENTED_EDGE('',*,*,#1637,.T.);
#894=ORIENTED_EDGE('',*,*,#1638,.F.);
#895=ORIENTED_EDGE('',*,*,#1639,.F.);
#896=ORIENTED_EDGE('',*,*,#1640,.F.);
#897=ORIENTED_EDGE('',*,*,#1641,.T.);
#898=ORIENTED_EDGE('',*,*,#1642,.F.);
#899=ORIENTED_EDGE('',*,*,#1643,.T.);
#900=ORIENTED_EDGE('',*,*,#1644,.T.);
#901=ORIENTED_EDGE('',*,*,#1645,.F.);
#902=ORIENTED_EDGE('',*,*,#1646,.T.);
#903=ORIENTED_EDGE('',*,*,#1647,.T.);
#904=ORIENTED_EDGE('',*,*,#1648,.T.);
#905=ORIENTED_EDGE('',*,*,#1649,.T.);
#906=ORIENTED_EDGE('',*,*,#1650,.F.);
#907=ORIENTED_EDGE('',*,*,#1651,.T.);
#908=ORIENTED_EDGE('',*,*,#1652,.T.);
#909=ORIENTED_EDGE('',*,*,#1653,.T.);
#910=ORIENTED_EDGE('',*,*,#1654,.F.);
#911=ORIENTED_EDGE('',*,*,#1655,.F.);
#912=ORIENTED_EDGE('',*,*,#1656,.F.);
#913=ORIENTED_EDGE('',*,*,#1657,.T.);
#914=ORIENTED_EDGE('',*,*,#1658,.T.);
#915=ORIENTED_EDGE('',*,*,#1659,.T.);
#916=ORIENTED_EDGE('',*,*,#1660,.F.);
#917=ORIENTED_EDGE('',*,*,#1661,.F.);
#918=ORIENTED_EDGE('',*,*,#1662,.F.);
#919=ORIENTED_EDGE('',*,*,#1663,.T.);
#920=ORIENTED_EDGE('',*,*,#1664,.T.);
#921=ORIENTED_EDGE('',*,*,#1665,.F.);
#922=ORIENTED_EDGE('',*,*,#1591,.F.);
#923=ORIENTED_EDGE('',*,*,#1666,.T.);
#924=ORIENTED_EDGE('',*,*,#1667,.T.);
#925=ORIENTED_EDGE('',*,*,#1668,.F.);
#926=ORIENTED_EDGE('',*,*,#1669,.T.);
#927=ORIENTED_EDGE('',*,*,#1670,.T.);
#928=ORIENTED_EDGE('',*,*,#1671,.T.);
#929=ORIENTED_EDGE('',*,*,#1672,.T.);
#930=ORIENTED_EDGE('',*,*,#1673,.F.);
#931=ORIENTED_EDGE('',*,*,#1674,.F.);
#932=ORIENTED_EDGE('',*,*,#1675,.T.);
#933=ORIENTED_EDGE('',*,*,#1676,.T.);
#934=ORIENTED_EDGE('',*,*,#1677,.T.);
#935=ORIENTED_EDGE('',*,*,#1675,.F.);
#936=ORIENTED_EDGE('',*,*,#1678,.F.);
#937=ORIENTED_EDGE('',*,*,#1679,.T.);
#938=ORIENTED_EDGE('',*,*,#1674,.T.);
#939=ORIENTED_EDGE('',*,*,#1680,.T.);
#940=ORIENTED_EDGE('',*,*,#1681,.T.);
#941=ORIENTED_EDGE('',*,*,#1495,.T.);
#942=ORIENTED_EDGE('',*,*,#1682,.T.);
#943=ORIENTED_EDGE('',*,*,#1678,.T.);
#944=ORIENTED_EDGE('',*,*,#1672,.F.);
#945=ORIENTED_EDGE('',*,*,#1677,.F.);
#946=ORIENTED_EDGE('',*,*,#1602,.T.);
#947=ORIENTED_EDGE('',*,*,#1683,.T.);
#948=ORIENTED_EDGE('',*,*,#1684,.F.);
#949=ORIENTED_EDGE('',*,*,#1685,.T.);
#950=ORIENTED_EDGE('',*,*,#1686,.F.);
#951=ORIENTED_EDGE('',*,*,#1603,.F.);
#952=ORIENTED_EDGE('',*,*,#1679,.F.);
#953=ORIENTED_EDGE('',*,*,#1682,.F.);
#954=ORIENTED_EDGE('',*,*,#1494,.T.);
#955=ORIENTED_EDGE('',*,*,#1683,.F.);
#956=ORIENTED_EDGE('',*,*,#1605,.T.);
#957=ORIENTED_EDGE('',*,*,#1687,.T.);
#958=ORIENTED_EDGE('',*,*,#1688,.F.);
#959=ORIENTED_EDGE('',*,*,#1689,.F.);
#960=ORIENTED_EDGE('',*,*,#1684,.T.);
#961=ORIENTED_EDGE('',*,*,#1688,.T.);
#962=ORIENTED_EDGE('',*,*,#1690,.F.);
#963=ORIENTED_EDGE('',*,*,#1691,.T.);
#964=ORIENTED_EDGE('',*,*,#1692,.F.);
#965=ORIENTED_EDGE('',*,*,#1680,.F.);
#966=ORIENTED_EDGE('',*,*,#1673,.T.);
#967=ORIENTED_EDGE('',*,*,#1689,.T.);
#968=ORIENTED_EDGE('',*,*,#1693,.T.);
#969=ORIENTED_EDGE('',*,*,#1694,.T.);
#970=ORIENTED_EDGE('',*,*,#1496,.F.);
#971=ORIENTED_EDGE('',*,*,#1681,.F.);
#972=ORIENTED_EDGE('',*,*,#1692,.T.);
#973=ORIENTED_EDGE('',*,*,#1493,.F.);
#974=ORIENTED_EDGE('',*,*,#1694,.F.);
#975=ORIENTED_EDGE('',*,*,#1691,.F.);
#976=ORIENTED_EDGE('',*,*,#1695,.F.);
#977=ORIENTED_EDGE('',*,*,#1696,.F.);
#978=ORIENTED_EDGE('',*,*,#1685,.F.);
#979=ORIENTED_EDGE('',*,*,#1697,.T.);
#980=ORIENTED_EDGE('',*,*,#1695,.T.);
#981=ORIENTED_EDGE('',*,*,#1693,.F.);
#982=ORIENTED_EDGE('',*,*,#1698,.F.);
#983=ORIENTED_EDGE('',*,*,#1699,.T.);
#984=ORIENTED_EDGE('',*,*,#1700,.T.);
#985=ORIENTED_EDGE('',*,*,#1696,.T.);
#986=ORIENTED_EDGE('',*,*,#1699,.F.);
#987=ORIENTED_EDGE('',*,*,#1701,.F.);
#988=ORIENTED_EDGE('',*,*,#1686,.T.);
#989=ORIENTED_EDGE('',*,*,#1698,.T.);
#990=ORIENTED_EDGE('',*,*,#1690,.T.);
#991=ORIENTED_EDGE('',*,*,#1687,.F.);
#992=ORIENTED_EDGE('',*,*,#1604,.F.);
#993=ORIENTED_EDGE('',*,*,#1701,.T.);
#994=ORIENTED_EDGE('',*,*,#1595,.F.);
#995=ORIENTED_EDGE('',*,*,#1702,.F.);
#996=ORIENTED_EDGE('',*,*,#1703,.T.);
#997=ORIENTED_EDGE('',*,*,#1704,.T.);
#998=ORIENTED_EDGE('',*,*,#1702,.T.);
#999=ORIENTED_EDGE('',*,*,#1594,.T.);
#1000=ORIENTED_EDGE('',*,*,#1705,.F.);
#1001=ORIENTED_EDGE('',*,*,#1706,.F.);
#1002=ORIENTED_EDGE('',*,*,#1705,.T.);
#1003=ORIENTED_EDGE('',*,*,#1597,.T.);
#1004=ORIENTED_EDGE('',*,*,#1707,.F.);
#1005=ORIENTED_EDGE('',*,*,#1708,.F.);
#1006=ORIENTED_EDGE('',*,*,#1596,.F.);
#1007=ORIENTED_EDGE('',*,*,#1704,.F.);
#1008=ORIENTED_EDGE('',*,*,#1709,.T.);
#1009=ORIENTED_EDGE('',*,*,#1707,.T.);
#1010=ORIENTED_EDGE('',*,*,#1710,.T.);
#1011=ORIENTED_EDGE('',*,*,#1711,.F.);
#1012=ORIENTED_EDGE('',*,*,#1703,.F.);
#1013=ORIENTED_EDGE('',*,*,#1706,.T.);
#1014=ORIENTED_EDGE('',*,*,#1708,.T.);
#1015=ORIENTED_EDGE('',*,*,#1709,.F.);
#1016=ORIENTED_EDGE('',*,*,#1710,.F.);
#1017=ORIENTED_EDGE('',*,*,#1711,.T.);
#1018=ORIENTED_EDGE('',*,*,#1712,.F.);
#1019=ORIENTED_EDGE('',*,*,#1713,.T.);
#1020=ORIENTED_EDGE('',*,*,#1582,.T.);
#1021=ORIENTED_EDGE('',*,*,#1714,.F.);
#1022=ORIENTED_EDGE('',*,*,#1715,.F.);
#1023=ORIENTED_EDGE('',*,*,#1668,.T.);
#1024=ORIENTED_EDGE('',*,*,#1714,.T.);
#1025=ORIENTED_EDGE('',*,*,#1593,.T.);
#1026=ORIENTED_EDGE('',*,*,#1716,.F.);
#1027=ORIENTED_EDGE('',*,*,#1717,.F.);
#1028=ORIENTED_EDGE('',*,*,#1592,.F.);
#1029=ORIENTED_EDGE('',*,*,#1670,.F.);
#1030=ORIENTED_EDGE('',*,*,#1718,.T.);
#1031=ORIENTED_EDGE('',*,*,#1716,.T.);
#1032=ORIENTED_EDGE('',*,*,#1719,.T.);
#1033=ORIENTED_EDGE('',*,*,#1720,.F.);
#1034=ORIENTED_EDGE('',*,*,#1669,.F.);
#1035=ORIENTED_EDGE('',*,*,#1715,.T.);
#1036=ORIENTED_EDGE('',*,*,#1717,.T.);
#1037=ORIENTED_EDGE('',*,*,#1718,.F.);
#1038=ORIENTED_EDGE('',*,*,#1719,.F.);
#1039=ORIENTED_EDGE('',*,*,#1720,.T.);
#1040=ORIENTED_EDGE('',*,*,#1599,.F.);
#1041=ORIENTED_EDGE('',*,*,#1721,.F.);
#1042=ORIENTED_EDGE('',*,*,#1722,.T.);
#1043=ORIENTED_EDGE('',*,*,#1723,.T.);
#1044=ORIENTED_EDGE('',*,*,#1721,.T.);
#1045=ORIENTED_EDGE('',*,*,#1598,.T.);
#1046=ORIENTED_EDGE('',*,*,#1724,.F.);
#1047=ORIENTED_EDGE('',*,*,#1725,.F.);
#1048=ORIENTED_EDGE('',*,*,#1724,.T.);
#1049=ORIENTED_EDGE('',*,*,#1601,.T.);
#1050=ORIENTED_EDGE('',*,*,#1726,.F.);
#1051=ORIENTED_EDGE('',*,*,#1727,.F.);
#1052=ORIENTED_EDGE('',*,*,#1600,.F.);
#1053=ORIENTED_EDGE('',*,*,#1723,.F.);
#1054=ORIENTED_EDGE('',*,*,#1728,.T.);
#1055=ORIENTED_EDGE('',*,*,#1726,.T.);
#1056=ORIENTED_EDGE('',*,*,#1729,.T.);
#1057=ORIENTED_EDGE('',*,*,#1730,.F.);
#1058=ORIENTED_EDGE('',*,*,#1722,.F.);
#1059=ORIENTED_EDGE('',*,*,#1725,.T.);
#1060=ORIENTED_EDGE('',*,*,#1727,.T.);
#1061=ORIENTED_EDGE('',*,*,#1728,.F.);
#1062=ORIENTED_EDGE('',*,*,#1729,.F.);
#1063=ORIENTED_EDGE('',*,*,#1730,.T.);
#1064=ORIENTED_EDGE('',*,*,#1731,.F.);
#1065=ORIENTED_EDGE('',*,*,#1587,.F.);
#1066=ORIENTED_EDGE('',*,*,#1732,.F.);
#1067=ORIENTED_EDGE('',*,*,#1733,.T.);
#1068=ORIENTED_EDGE('',*,*,#1734,.T.);
#1069=ORIENTED_EDGE('',*,*,#1735,.T.);
#1070=ORIENTED_EDGE('',*,*,#1732,.T.);
#1071=ORIENTED_EDGE('',*,*,#1586,.T.);
#1072=ORIENTED_EDGE('',*,*,#1736,.F.);
#1073=ORIENTED_EDGE('',*,*,#1737,.F.);
#1074=ORIENTED_EDGE('',*,*,#1736,.T.);
#1075=ORIENTED_EDGE('',*,*,#1585,.T.);
#1076=ORIENTED_EDGE('',*,*,#1738,.F.);
#1077=ORIENTED_EDGE('',*,*,#1739,.F.);
#1078=ORIENTED_EDGE('',*,*,#1740,.F.);
#1079=ORIENTED_EDGE('',*,*,#1741,.T.);
#1080=ORIENTED_EDGE('',*,*,#1734,.F.);
#1081=ORIENTED_EDGE('',*,*,#1742,.T.);
#1082=ORIENTED_EDGE('',*,*,#1738,.T.);
#1083=ORIENTED_EDGE('',*,*,#1584,.F.);
#1084=ORIENTED_EDGE('',*,*,#1743,.T.);
#1085=ORIENTED_EDGE('',*,*,#1744,.F.);
#1086=ORIENTED_EDGE('',*,*,#1733,.F.);
#1087=ORIENTED_EDGE('',*,*,#1737,.T.);
#1088=ORIENTED_EDGE('',*,*,#1739,.T.);
#1089=ORIENTED_EDGE('',*,*,#1742,.F.);
#1090=ORIENTED_EDGE('',*,*,#1743,.F.);
#1091=ORIENTED_EDGE('',*,*,#1744,.T.);
#1092=ORIENTED_EDGE('',*,*,#1745,.F.);
#1093=ORIENTED_EDGE('',*,*,#1697,.F.);
#1094=ORIENTED_EDGE('',*,*,#1745,.T.);
#1095=ORIENTED_EDGE('',*,*,#1746,.F.);
#1096=ORIENTED_EDGE('',*,*,#1671,.F.);
#1097=ORIENTED_EDGE('',*,*,#1746,.T.);
#1098=ORIENTED_EDGE('',*,*,#1747,.F.);
#1099=ORIENTED_EDGE('',*,*,#1700,.F.);
#1100=ORIENTED_EDGE('',*,*,#1747,.T.);
#1101=ORIENTED_EDGE('',*,*,#1748,.F.);
#1102=ORIENTED_EDGE('',*,*,#1676,.F.);
#1103=ORIENTED_EDGE('',*,*,#1748,.T.);
#1104=ORIENTED_EDGE('',*,*,#1589,.T.);
#1105=ORIENTED_EDGE('',*,*,#1749,.T.);
#1106=ORIENTED_EDGE('',*,*,#1490,.F.);
#1107=ORIENTED_EDGE('',*,*,#1750,.F.);
#1108=ORIENTED_EDGE('',*,*,#1590,.T.);
#1109=ORIENTED_EDGE('',*,*,#1750,.T.);
#1110=ORIENTED_EDGE('',*,*,#1489,.F.);
#1111=ORIENTED_EDGE('',*,*,#1751,.F.);
#1112=ORIENTED_EDGE('',*,*,#1752,.T.);
#1113=ORIENTED_EDGE('',*,*,#1666,.F.);
#1114=ORIENTED_EDGE('',*,*,#1731,.T.);
#1115=ORIENTED_EDGE('',*,*,#1753,.F.);
#1116=ORIENTED_EDGE('',*,*,#1754,.T.);
#1117=ORIENTED_EDGE('',*,*,#1491,.T.);
#1118=ORIENTED_EDGE('',*,*,#1749,.F.);
#1119=ORIENTED_EDGE('',*,*,#1588,.F.);
#1120=ORIENTED_EDGE('',*,*,#1755,.F.);
#1121=ORIENTED_EDGE('',*,*,#1751,.T.);
#1122=ORIENTED_EDGE('',*,*,#1492,.T.);
#1123=ORIENTED_EDGE('',*,*,#1754,.F.);
#1124=ORIENTED_EDGE('',*,*,#1756,.F.);
#1125=ORIENTED_EDGE('',*,*,#1740,.T.);
#1126=ORIENTED_EDGE('',*,*,#1583,.F.);
#1127=ORIENTED_EDGE('',*,*,#1713,.F.);
#1128=ORIENTED_EDGE('',*,*,#1752,.F.);
#1129=ORIENTED_EDGE('',*,*,#1755,.T.);
#1130=ORIENTED_EDGE('',*,*,#1712,.T.);
#1131=ORIENTED_EDGE('',*,*,#1667,.F.);
#1132=ORIENTED_EDGE('',*,*,#1741,.F.);
#1133=ORIENTED_EDGE('',*,*,#1756,.T.);
#1134=ORIENTED_EDGE('',*,*,#1753,.T.);
#1135=ORIENTED_EDGE('',*,*,#1735,.F.);
#1136=ORIENTED_EDGE('',*,*,#1757,.T.);
#1137=ORIENTED_EDGE('',*,*,#1498,.T.);
#1138=ORIENTED_EDGE('',*,*,#1758,.F.);
#1139=ORIENTED_EDGE('',*,*,#1607,.F.);
#1140=ORIENTED_EDGE('',*,*,#1758,.T.);
#1141=ORIENTED_EDGE('',*,*,#1497,.T.);
#1142=ORIENTED_EDGE('',*,*,#1759,.F.);
#1143=ORIENTED_EDGE('',*,*,#1608,.F.);
#1144=ORIENTED_EDGE('',*,*,#1609,.T.);
#1145=ORIENTED_EDGE('',*,*,#1759,.T.);
#1146=ORIENTED_EDGE('',*,*,#1508,.F.);
#1147=ORIENTED_EDGE('',*,*,#1760,.F.);
#1148=ORIENTED_EDGE('',*,*,#1760,.T.);
#1149=ORIENTED_EDGE('',*,*,#1507,.T.);
#1150=ORIENTED_EDGE('',*,*,#1761,.F.);
#1151=ORIENTED_EDGE('',*,*,#1610,.F.);
#1152=ORIENTED_EDGE('',*,*,#1761,.T.);
#1153=ORIENTED_EDGE('',*,*,#1506,.T.);
#1154=ORIENTED_EDGE('',*,*,#1762,.F.);
#1155=ORIENTED_EDGE('',*,*,#1611,.F.);
#1156=ORIENTED_EDGE('',*,*,#1612,.T.);
#1157=ORIENTED_EDGE('',*,*,#1762,.T.);
#1158=ORIENTED_EDGE('',*,*,#1505,.F.);
#1159=ORIENTED_EDGE('',*,*,#1763,.F.);
#1160=ORIENTED_EDGE('',*,*,#1613,.T.);
#1161=ORIENTED_EDGE('',*,*,#1763,.T.);
#1162=ORIENTED_EDGE('',*,*,#1504,.F.);
#1163=ORIENTED_EDGE('',*,*,#1764,.F.);
#1164=ORIENTED_EDGE('',*,*,#1614,.T.);
#1165=ORIENTED_EDGE('',*,*,#1764,.T.);
#1166=ORIENTED_EDGE('',*,*,#1503,.F.);
#1167=ORIENTED_EDGE('',*,*,#1765,.F.);
#1168=ORIENTED_EDGE('',*,*,#1765,.T.);
#1169=ORIENTED_EDGE('',*,*,#1502,.T.);
#1170=ORIENTED_EDGE('',*,*,#1766,.F.);
#1171=ORIENTED_EDGE('',*,*,#1615,.F.);
#1172=ORIENTED_EDGE('',*,*,#1616,.T.);
#1173=ORIENTED_EDGE('',*,*,#1766,.T.);
#1174=ORIENTED_EDGE('',*,*,#1501,.F.);
#1175=ORIENTED_EDGE('',*,*,#1767,.F.);
#1176=ORIENTED_EDGE('',*,*,#1617,.T.);
#1177=ORIENTED_EDGE('',*,*,#1767,.T.);
#1178=ORIENTED_EDGE('',*,*,#1500,.F.);
#1179=ORIENTED_EDGE('',*,*,#1768,.F.);
#1180=ORIENTED_EDGE('',*,*,#1768,.T.);
#1181=ORIENTED_EDGE('',*,*,#1499,.T.);
#1182=ORIENTED_EDGE('',*,*,#1757,.F.);
#1183=ORIENTED_EDGE('',*,*,#1606,.F.);
#1184=ORIENTED_EDGE('',*,*,#1509,.T.);
#1185=ORIENTED_EDGE('',*,*,#1618,.F.);
#1186=ORIENTED_EDGE('',*,*,#1510,.T.);
#1187=ORIENTED_EDGE('',*,*,#1619,.F.);
#1188=ORIENTED_EDGE('',*,*,#1511,.T.);
#1189=ORIENTED_EDGE('',*,*,#1620,.F.);
#1190=ORIENTED_EDGE('',*,*,#1512,.T.);
#1191=ORIENTED_EDGE('',*,*,#1621,.F.);
#1192=ORIENTED_EDGE('',*,*,#1513,.T.);
#1193=ORIENTED_EDGE('',*,*,#1622,.F.);
#1194=ORIENTED_EDGE('',*,*,#1769,.T.);
#1195=ORIENTED_EDGE('',*,*,#1515,.T.);
#1196=ORIENTED_EDGE('',*,*,#1770,.F.);
#1197=ORIENTED_EDGE('',*,*,#1624,.F.);
#1198=ORIENTED_EDGE('',*,*,#1770,.T.);
#1199=ORIENTED_EDGE('',*,*,#1514,.T.);
#1200=ORIENTED_EDGE('',*,*,#1771,.F.);
#1201=ORIENTED_EDGE('',*,*,#1625,.F.);
#1202=ORIENTED_EDGE('',*,*,#1771,.T.);
#1203=ORIENTED_EDGE('',*,*,#1517,.T.);
#1204=ORIENTED_EDGE('',*,*,#1772,.F.);
#1205=ORIENTED_EDGE('',*,*,#1626,.F.);
#1206=ORIENTED_EDGE('',*,*,#1772,.T.);
#1207=ORIENTED_EDGE('',*,*,#1516,.T.);
#1208=ORIENTED_EDGE('',*,*,#1769,.F.);
#1209=ORIENTED_EDGE('',*,*,#1623,.F.);
#1210=ORIENTED_EDGE('',*,*,#1627,.T.);
#1211=ORIENTED_EDGE('',*,*,#1773,.T.);
#1212=ORIENTED_EDGE('',*,*,#1518,.F.);
#1213=ORIENTED_EDGE('',*,*,#1774,.F.);
#1214=ORIENTED_EDGE('',*,*,#1774,.T.);
#1215=ORIENTED_EDGE('',*,*,#1523,.T.);
#1216=ORIENTED_EDGE('',*,*,#1775,.F.);
#1217=ORIENTED_EDGE('',*,*,#1628,.F.);
#1218=ORIENTED_EDGE('',*,*,#1629,.T.);
#1219=ORIENTED_EDGE('',*,*,#1775,.T.);
#1220=ORIENTED_EDGE('',*,*,#1522,.F.);
#1221=ORIENTED_EDGE('',*,*,#1776,.F.);
#1222=ORIENTED_EDGE('',*,*,#1776,.T.);
#1223=ORIENTED_EDGE('',*,*,#1521,.T.);
#1224=ORIENTED_EDGE('',*,*,#1777,.F.);
#1225=ORIENTED_EDGE('',*,*,#1630,.F.);
#1226=ORIENTED_EDGE('',*,*,#1777,.T.);
#1227=ORIENTED_EDGE('',*,*,#1520,.T.);
#1228=ORIENTED_EDGE('',*,*,#1778,.F.);
#1229=ORIENTED_EDGE('',*,*,#1631,.F.);
#1230=ORIENTED_EDGE('',*,*,#1778,.T.);
#1231=ORIENTED_EDGE('',*,*,#1519,.T.);
#1232=ORIENTED_EDGE('',*,*,#1773,.F.);
#1233=ORIENTED_EDGE('',*,*,#1632,.F.);
#1234=ORIENTED_EDGE('',*,*,#1579,.T.);
#1235=ORIENTED_EDGE('',*,*,#1779,.T.);
#1236=ORIENTED_EDGE('',*,*,#1486,.F.);
#1237=ORIENTED_EDGE('',*,*,#1780,.F.);
#1238=ORIENTED_EDGE('',*,*,#1780,.T.);
#1239=ORIENTED_EDGE('',*,*,#1488,.T.);
#1240=ORIENTED_EDGE('',*,*,#1781,.F.);
#1241=ORIENTED_EDGE('',*,*,#1580,.F.);
#1242=ORIENTED_EDGE('',*,*,#1781,.T.);
#1243=ORIENTED_EDGE('',*,*,#1487,.T.);
#1244=ORIENTED_EDGE('',*,*,#1779,.F.);
#1245=ORIENTED_EDGE('',*,*,#1581,.F.);
#1246=ORIENTED_EDGE('',*,*,#1633,.T.);
#1247=ORIENTED_EDGE('',*,*,#1782,.T.);
#1248=ORIENTED_EDGE('',*,*,#1524,.F.);
#1249=ORIENTED_EDGE('',*,*,#1783,.F.);
#1250=ORIENTED_EDGE('',*,*,#1634,.T.);
#1251=ORIENTED_EDGE('',*,*,#1783,.T.);
#1252=ORIENTED_EDGE('',*,*,#1532,.F.);
#1253=ORIENTED_EDGE('',*,*,#1784,.F.);
#1254=ORIENTED_EDGE('',*,*,#1635,.T.);
#1255=ORIENTED_EDGE('',*,*,#1784,.T.);
#1256=ORIENTED_EDGE('',*,*,#1531,.F.);
#1257=ORIENTED_EDGE('',*,*,#1785,.F.);
#1258=ORIENTED_EDGE('',*,*,#1636,.T.);
#1259=ORIENTED_EDGE('',*,*,#1785,.T.);
#1260=ORIENTED_EDGE('',*,*,#1530,.F.);
#1261=ORIENTED_EDGE('',*,*,#1786,.F.);
#1262=ORIENTED_EDGE('',*,*,#1786,.T.);
#1263=ORIENTED_EDGE('',*,*,#1529,.T.);
#1264=ORIENTED_EDGE('',*,*,#1787,.F.);
#1265=ORIENTED_EDGE('',*,*,#1637,.F.);
#1266=ORIENTED_EDGE('',*,*,#1638,.T.);
#1267=ORIENTED_EDGE('',*,*,#1787,.T.);
#1268=ORIENTED_EDGE('',*,*,#1528,.F.);
#1269=ORIENTED_EDGE('',*,*,#1788,.F.);
#1270=ORIENTED_EDGE('',*,*,#1639,.T.);
#1271=ORIENTED_EDGE('',*,*,#1788,.T.);
#1272=ORIENTED_EDGE('',*,*,#1527,.F.);
#1273=ORIENTED_EDGE('',*,*,#1789,.F.);
#1274=ORIENTED_EDGE('',*,*,#1640,.T.);
#1275=ORIENTED_EDGE('',*,*,#1789,.T.);
#1276=ORIENTED_EDGE('',*,*,#1526,.F.);
#1277=ORIENTED_EDGE('',*,*,#1790,.F.);
#1278=ORIENTED_EDGE('',*,*,#1790,.T.);
#1279=ORIENTED_EDGE('',*,*,#1525,.T.);
#1280=ORIENTED_EDGE('',*,*,#1782,.F.);
#1281=ORIENTED_EDGE('',*,*,#1641,.F.);
#1282=ORIENTED_EDGE('',*,*,#1570,.T.);
#1283=ORIENTED_EDGE('',*,*,#1791,.T.);
#1284=ORIENTED_EDGE('',*,*,#1477,.F.);
#1285=ORIENTED_EDGE('',*,*,#1792,.F.);
#1286=ORIENTED_EDGE('',*,*,#1792,.T.);
#1287=ORIENTED_EDGE('',*,*,#1485,.T.);
#1288=ORIENTED_EDGE('',*,*,#1793,.F.);
#1289=ORIENTED_EDGE('',*,*,#1571,.F.);
#1290=ORIENTED_EDGE('',*,*,#1572,.T.);
#1291=ORIENTED_EDGE('',*,*,#1793,.T.);
#1292=ORIENTED_EDGE('',*,*,#1484,.F.);
#1293=ORIENTED_EDGE('',*,*,#1794,.F.);
#1294=ORIENTED_EDGE('',*,*,#1573,.T.);
#1295=ORIENTED_EDGE('',*,*,#1794,.T.);
#1296=ORIENTED_EDGE('',*,*,#1483,.F.);
#1297=ORIENTED_EDGE('',*,*,#1795,.F.);
#1298=ORIENTED_EDGE('',*,*,#1574,.T.);
#1299=ORIENTED_EDGE('',*,*,#1795,.T.);
#1300=ORIENTED_EDGE('',*,*,#1482,.F.);
#1301=ORIENTED_EDGE('',*,*,#1796,.F.);
#1302=ORIENTED_EDGE('',*,*,#1796,.T.);
#1303=ORIENTED_EDGE('',*,*,#1481,.T.);
#1304=ORIENTED_EDGE('',*,*,#1797,.F.);
#1305=ORIENTED_EDGE('',*,*,#1575,.F.);
#1306=ORIENTED_EDGE('',*,*,#1576,.T.);
#1307=ORIENTED_EDGE('',*,*,#1797,.T.);
#1308=ORIENTED_EDGE('',*,*,#1480,.F.);
#1309=ORIENTED_EDGE('',*,*,#1798,.F.);
#1310=ORIENTED_EDGE('',*,*,#1577,.T.);
#1311=ORIENTED_EDGE('',*,*,#1798,.T.);
#1312=ORIENTED_EDGE('',*,*,#1479,.F.);
#1313=ORIENTED_EDGE('',*,*,#1799,.F.);
#1314=ORIENTED_EDGE('',*,*,#1578,.T.);
#1315=ORIENTED_EDGE('',*,*,#1799,.T.);
#1316=ORIENTED_EDGE('',*,*,#1478,.F.);
#1317=ORIENTED_EDGE('',*,*,#1791,.F.);
#1318=ORIENTED_EDGE('',*,*,#1642,.T.);
#1319=ORIENTED_EDGE('',*,*,#1800,.T.);
#1320=ORIENTED_EDGE('',*,*,#1533,.F.);
#1321=ORIENTED_EDGE('',*,*,#1801,.F.);
#1322=ORIENTED_EDGE('',*,*,#1801,.T.);
#1323=ORIENTED_EDGE('',*,*,#1536,.T.);
#1324=ORIENTED_EDGE('',*,*,#1802,.F.);
#1325=ORIENTED_EDGE('',*,*,#1643,.F.);
#1326=ORIENTED_EDGE('',*,*,#1802,.T.);
#1327=ORIENTED_EDGE('',*,*,#1535,.T.);
#1328=ORIENTED_EDGE('',*,*,#1803,.F.);
#1329=ORIENTED_EDGE('',*,*,#1644,.F.);
#1330=ORIENTED_EDGE('',*,*,#1645,.T.);
#1331=ORIENTED_EDGE('',*,*,#1803,.T.);
#1332=ORIENTED_EDGE('',*,*,#1534,.F.);
#1333=ORIENTED_EDGE('',*,*,#1800,.F.);
#1334=ORIENTED_EDGE('',*,*,#1562,.T.);
#1335=ORIENTED_EDGE('',*,*,#1804,.T.);
#1336=ORIENTED_EDGE('',*,*,#1469,.F.);
#1337=ORIENTED_EDGE('',*,*,#1805,.F.);
#1338=ORIENTED_EDGE('',*,*,#1563,.T.);
#1339=ORIENTED_EDGE('',*,*,#1805,.T.);
#1340=ORIENTED_EDGE('',*,*,#1476,.F.);
#1341=ORIENTED_EDGE('',*,*,#1806,.F.);
#1342=ORIENTED_EDGE('',*,*,#1564,.T.);
#1343=ORIENTED_EDGE('',*,*,#1806,.T.);
#1344=ORIENTED_EDGE('',*,*,#1475,.F.);
#1345=ORIENTED_EDGE('',*,*,#1807,.F.);
#1346=ORIENTED_EDGE('',*,*,#1565,.T.);
#1347=ORIENTED_EDGE('',*,*,#1807,.T.);
#1348=ORIENTED_EDGE('',*,*,#1474,.F.);
#1349=ORIENTED_EDGE('',*,*,#1808,.F.);
#1350=ORIENTED_EDGE('',*,*,#1566,.T.);
#1351=ORIENTED_EDGE('',*,*,#1808,.T.);
#1352=ORIENTED_EDGE('',*,*,#1473,.F.);
#1353=ORIENTED_EDGE('',*,*,#1809,.F.);
#1354=ORIENTED_EDGE('',*,*,#1567,.T.);
#1355=ORIENTED_EDGE('',*,*,#1809,.T.);
#1356=ORIENTED_EDGE('',*,*,#1472,.F.);
#1357=ORIENTED_EDGE('',*,*,#1810,.F.);
#1358=ORIENTED_EDGE('',*,*,#1568,.T.);
#1359=ORIENTED_EDGE('',*,*,#1810,.T.);
#1360=ORIENTED_EDGE('',*,*,#1471,.F.);
#1361=ORIENTED_EDGE('',*,*,#1811,.F.);
#1362=ORIENTED_EDGE('',*,*,#1569,.T.);
#1363=ORIENTED_EDGE('',*,*,#1811,.T.);
#1364=ORIENTED_EDGE('',*,*,#1470,.F.);
#1365=ORIENTED_EDGE('',*,*,#1804,.F.);
#1366=ORIENTED_EDGE('',*,*,#1812,.T.);
#1367=ORIENTED_EDGE('',*,*,#1538,.T.);
#1368=ORIENTED_EDGE('',*,*,#1813,.F.);
#1369=ORIENTED_EDGE('',*,*,#1647,.F.);
#1370=ORIENTED_EDGE('',*,*,#1813,.T.);
#1371=ORIENTED_EDGE('',*,*,#1537,.T.);
#1372=ORIENTED_EDGE('',*,*,#1814,.F.);
#1373=ORIENTED_EDGE('',*,*,#1648,.F.);
#1374=ORIENTED_EDGE('',*,*,#1814,.T.);
#1375=ORIENTED_EDGE('',*,*,#1540,.T.);
#1376=ORIENTED_EDGE('',*,*,#1815,.F.);
#1377=ORIENTED_EDGE('',*,*,#1649,.F.);
#1378=ORIENTED_EDGE('',*,*,#1815,.T.);
#1379=ORIENTED_EDGE('',*,*,#1539,.T.);
#1380=ORIENTED_EDGE('',*,*,#1812,.F.);
#1381=ORIENTED_EDGE('',*,*,#1646,.F.);
#1382=ORIENTED_EDGE('',*,*,#1650,.T.);
#1383=ORIENTED_EDGE('',*,*,#1816,.T.);
#1384=ORIENTED_EDGE('',*,*,#1541,.F.);
#1385=ORIENTED_EDGE('',*,*,#1817,.F.);
#1386=ORIENTED_EDGE('',*,*,#1817,.T.);
#1387=ORIENTED_EDGE('',*,*,#1552,.T.);
#1388=ORIENTED_EDGE('',*,*,#1818,.F.);
#1389=ORIENTED_EDGE('',*,*,#1651,.F.);
#1390=ORIENTED_EDGE('',*,*,#1818,.T.);
#1391=ORIENTED_EDGE('',*,*,#1551,.T.);
#1392=ORIENTED_EDGE('',*,*,#1819,.F.);
#1393=ORIENTED_EDGE('',*,*,#1652,.F.);
#1394=ORIENTED_EDGE('',*,*,#1819,.T.);
#1395=ORIENTED_EDGE('',*,*,#1550,.T.);
#1396=ORIENTED_EDGE('',*,*,#1820,.F.);
#1397=ORIENTED_EDGE('',*,*,#1653,.F.);
#1398=ORIENTED_EDGE('',*,*,#1654,.T.);
#1399=ORIENTED_EDGE('',*,*,#1820,.T.);
#1400=ORIENTED_EDGE('',*,*,#1549,.F.);
#1401=ORIENTED_EDGE('',*,*,#1821,.F.);
#1402=ORIENTED_EDGE('',*,*,#1655,.T.);
#1403=ORIENTED_EDGE('',*,*,#1821,.T.);
#1404=ORIENTED_EDGE('',*,*,#1548,.F.);
#1405=ORIENTED_EDGE('',*,*,#1822,.F.);
#1406=ORIENTED_EDGE('',*,*,#1656,.T.);
#1407=ORIENTED_EDGE('',*,*,#1822,.T.);
#1408=ORIENTED_EDGE('',*,*,#1547,.F.);
#1409=ORIENTED_EDGE('',*,*,#1823,.F.);
#1410=ORIENTED_EDGE('',*,*,#1823,.T.);
#1411=ORIENTED_EDGE('',*,*,#1546,.T.);
#1412=ORIENTED_EDGE('',*,*,#1824,.F.);
#1413=ORIENTED_EDGE('',*,*,#1657,.F.);
#1414=ORIENTED_EDGE('',*,*,#1824,.T.);
#1415=ORIENTED_EDGE('',*,*,#1545,.T.);
#1416=ORIENTED_EDGE('',*,*,#1825,.F.);
#1417=ORIENTED_EDGE('',*,*,#1658,.F.);
#1418=ORIENTED_EDGE('',*,*,#1825,.T.);
#1419=ORIENTED_EDGE('',*,*,#1544,.T.);
#1420=ORIENTED_EDGE('',*,*,#1826,.F.);
#1421=ORIENTED_EDGE('',*,*,#1659,.F.);
#1422=ORIENTED_EDGE('',*,*,#1660,.T.);
#1423=ORIENTED_EDGE('',*,*,#1826,.T.);
#1424=ORIENTED_EDGE('',*,*,#1543,.F.);
#1425=ORIENTED_EDGE('',*,*,#1827,.F.);
#1426=ORIENTED_EDGE('',*,*,#1661,.T.);
#1427=ORIENTED_EDGE('',*,*,#1827,.T.);
#1428=ORIENTED_EDGE('',*,*,#1542,.F.);
#1429=ORIENTED_EDGE('',*,*,#1816,.F.);
#1430=ORIENTED_EDGE('',*,*,#1558,.T.);
#1431=ORIENTED_EDGE('',*,*,#1828,.T.);
#1432=ORIENTED_EDGE('',*,*,#1465,.F.);
#1433=ORIENTED_EDGE('',*,*,#1829,.F.);
#1434=ORIENTED_EDGE('',*,*,#1829,.T.);
#1435=ORIENTED_EDGE('',*,*,#1468,.T.);
#1436=ORIENTED_EDGE('',*,*,#1830,.F.);
#1437=ORIENTED_EDGE('',*,*,#1559,.F.);
#1438=ORIENTED_EDGE('',*,*,#1830,.T.);
#1439=ORIENTED_EDGE('',*,*,#1467,.T.);
#1440=ORIENTED_EDGE('',*,*,#1831,.F.);
#1441=ORIENTED_EDGE('',*,*,#1560,.F.);
#1442=ORIENTED_EDGE('',*,*,#1561,.T.);
#1443=ORIENTED_EDGE('',*,*,#1831,.T.);
#1444=ORIENTED_EDGE('',*,*,#1466,.F.);
#1445=ORIENTED_EDGE('',*,*,#1828,.F.);
#1446=ORIENTED_EDGE('',*,*,#1662,.T.);
#1447=ORIENTED_EDGE('',*,*,#1832,.T.);
#1448=ORIENTED_EDGE('',*,*,#1553,.F.);
#1449=ORIENTED_EDGE('',*,*,#1833,.F.);
#1450=ORIENTED_EDGE('',*,*,#1833,.T.);
#1451=ORIENTED_EDGE('',*,*,#1556,.T.);
#1452=ORIENTED_EDGE('',*,*,#1834,.F.);
#1453=ORIENTED_EDGE('',*,*,#1663,.F.);
#1454=ORIENTED_EDGE('',*,*,#1834,.T.);
#1455=ORIENTED_EDGE('',*,*,#1555,.T.);
#1456=ORIENTED_EDGE('',*,*,#1835,.F.);
#1457=ORIENTED_EDGE('',*,*,#1664,.F.);
#1458=ORIENTED_EDGE('',*,*,#1665,.T.);
#1459=ORIENTED_EDGE('',*,*,#1835,.T.);
#1460=ORIENTED_EDGE('',*,*,#1554,.F.);
#1461=ORIENTED_EDGE('',*,*,#1832,.F.);
#1462=ORIENTED_EDGE('',*,*,#1464,.T.);
#1463=ORIENTED_EDGE('',*,*,#1557,.F.);
#1464=EDGE_CURVE('',#1836,#1836,#2092,.T.);
#1465=EDGE_CURVE('',#1837,#1838,#48,.T.);
#1466=EDGE_CURVE('',#1838,#1839,#49,.T.);
#1467=EDGE_CURVE('',#1840,#1839,#50,.T.);
#1468=EDGE_CURVE('',#1837,#1840,#51,.T.);
#1469=EDGE_CURVE('',#1841,#1842,#52,.T.);
#1470=EDGE_CURVE('',#1842,#1843,#53,.T.);
#1471=EDGE_CURVE('',#1843,#1844,#54,.T.);
#1472=EDGE_CURVE('',#1844,#1845,#55,.T.);
#1473=EDGE_CURVE('',#1845,#1846,#56,.T.);
#1474=EDGE_CURVE('',#1846,#1847,#57,.T.);
#1475=EDGE_CURVE('',#1847,#1848,#58,.T.);
#1476=EDGE_CURVE('',#1848,#1841,#59,.T.);
#1477=EDGE_CURVE('',#1849,#1850,#60,.T.);
#1478=EDGE_CURVE('',#1850,#1851,#61,.T.);
#1479=EDGE_CURVE('',#1851,#1852,#62,.T.);
#1480=EDGE_CURVE('',#1852,#1853,#63,.T.);
#1481=EDGE_CURVE('',#1854,#1853,#64,.T.);
#1482=EDGE_CURVE('',#1854,#1855,#65,.T.);
#1483=EDGE_CURVE('',#1855,#1856,#66,.T.);
#1484=EDGE_CURVE('',#1856,#1857,#67,.T.);
#1485=EDGE_CURVE('',#1849,#1857,#68,.T.);
#1486=EDGE_CURVE('',#1858,#1859,#69,.T.);
#1487=EDGE_CURVE('',#1860,#1859,#70,.T.);
#1488=EDGE_CURVE('',#1858,#1860,#71,.T.);
#1489=EDGE_CURVE('',#1861,#1862,#72,.T.);
#1490=EDGE_CURVE('',#1862,#1863,#73,.T.);
#1491=EDGE_CURVE('',#1864,#1863,#74,.T.);
#1492=EDGE_CURVE('',#1861,#1864,#75,.T.);
#1493=EDGE_CURVE('',#1865,#1866,#76,.T.);
#1494=EDGE_CURVE('',#1867,#1866,#77,.T.);
#1495=EDGE_CURVE('',#1868,#1867,#78,.T.);
#1496=EDGE_CURVE('',#1868,#1865,#79,.T.);
#1497=EDGE_CURVE('',#1869,#1870,#80,.T.);
#1498=EDGE_CURVE('',#1871,#1869,#81,.T.);
#1499=EDGE_CURVE('',#1872,#1871,#82,.T.);
#1500=EDGE_CURVE('',#1872,#1873,#83,.T.);
#1501=EDGE_CURVE('',#1873,#1874,#84,.T.);
#1502=EDGE_CURVE('',#1875,#1874,#85,.T.);
#1503=EDGE_CURVE('',#1875,#1876,#86,.T.);
#1504=EDGE_CURVE('',#1876,#1877,#87,.T.);
#1505=EDGE_CURVE('',#1877,#1878,#88,.T.);
#1506=EDGE_CURVE('',#1879,#1878,#89,.T.);
#1507=EDGE_CURVE('',#1880,#1879,#90,.T.);
#1508=EDGE_CURVE('',#1880,#1870,#91,.T.);
#1509=EDGE_CURVE('',#1881,#1881,#2093,.T.);
#1510=EDGE_CURVE('',#1882,#1882,#2094,.T.);
#1511=EDGE_CURVE('',#1883,#1883,#2095,.T.);
#1512=EDGE_CURVE('',#1884,#1884,#2096,.T.);
#1513=EDGE_CURVE('',#1885,#1885,#2097,.T.);
#1514=EDGE_CURVE('',#1886,#1887,#92,.T.);
#1515=EDGE_CURVE('',#1888,#1886,#93,.T.);
#1516=EDGE_CURVE('',#1889,#1888,#94,.T.);
#1517=EDGE_CURVE('',#1887,#1889,#95,.T.);
#1518=EDGE_CURVE('',#1890,#1891,#96,.T.);
#1519=EDGE_CURVE('',#1892,#1891,#2098,.T.);
#1520=EDGE_CURVE('',#1893,#1892,#97,.T.);
#1521=EDGE_CURVE('',#1894,#1893,#98,.T.);
#1522=EDGE_CURVE('',#1894,#1895,#99,.T.);
#1523=EDGE_CURVE('',#1890,#1895,#2099,.T.);
#1524=EDGE_CURVE('',#1896,#1897,#100,.T.);
#1525=EDGE_CURVE('',#1898,#1897,#101,.T.);
#1526=EDGE_CURVE('',#1898,#1899,#102,.T.);
#1527=EDGE_CURVE('',#1899,#1900,#103,.T.);
#1528=EDGE_CURVE('',#1900,#1901,#104,.T.);
#1529=EDGE_CURVE('',#1902,#1901,#105,.T.);
#1530=EDGE_CURVE('',#1902,#1903,#106,.T.);
#1531=EDGE_CURVE('',#1903,#1904,#107,.T.);
#1532=EDGE_CURVE('',#1904,#1896,#108,.T.);
#1533=EDGE_CURVE('',#1905,#1906,#109,.T.);
#1534=EDGE_CURVE('',#1906,#1907,#2100,.T.);
#1535=EDGE_CURVE('',#1908,#1907,#110,.T.);
#1536=EDGE_CURVE('',#1905,#1908,#2101,.T.);
#1537=EDGE_CURVE('',#1909,#1910,#111,.T.);
#1538=EDGE_CURVE('',#1911,#1909,#112,.T.);
#1539=EDGE_CURVE('',#1912,#1911,#113,.T.);
#1540=EDGE_CURVE('',#1910,#1912,#114,.T.);
#1541=EDGE_CURVE('',#1913,#1914,#115,.T.);
#1542=EDGE_CURVE('',#1914,#1915,#116,.T.);
#1543=EDGE_CURVE('',#1915,#1916,#117,.T.);
#1544=EDGE_CURVE('',#1917,#1916,#118,.T.);
#1545=EDGE_CURVE('',#1918,#1917,#119,.T.);
#1546=EDGE_CURVE('',#1919,#1918,#120,.T.);
#1547=EDGE_CURVE('',#1919,#1920,#121,.T.);
#1548=EDGE_CURVE('',#1920,#1921,#122,.T.);
#1549=EDGE_CURVE('',#1921,#1922,#123,.T.);
#1550=EDGE_CURVE('',#1923,#1922,#124,.T.);
#1551=EDGE_CURVE('',#1924,#1923,#125,.T.);
#1552=EDGE_CURVE('',#1913,#1924,#126,.T.);
#1553=EDGE_CURVE('',#1925,#1926,#127,.T.);
#1554=EDGE_CURVE('',#1926,#1927,#128,.T.);
#1555=EDGE_CURVE('',#1928,#1927,#129,.T.);
#1556=EDGE_CURVE('',#1925,#1928,#130,.T.);
#1557=EDGE_CURVE('',#1929,#1929,#30,.T.);
#1558=EDGE_CURVE('',#1930,#1931,#131,.T.);
#1559=EDGE_CURVE('',#1930,#1932,#132,.T.);
#1560=EDGE_CURVE('',#1932,#1933,#133,.T.);
#1561=EDGE_CURVE('',#1931,#1933,#134,.T.);
#1562=EDGE_CURVE('',#1934,#1935,#135,.T.);
#1563=EDGE_CURVE('',#1936,#1934,#136,.T.);
#1564=EDGE_CURVE('',#1937,#1936,#137,.T.);
#1565=EDGE_CURVE('',#1938,#1937,#138,.T.);
#1566=EDGE_CURVE('',#1939,#1938,#139,.T.);
#1567=EDGE_CURVE('',#1940,#1939,#140,.T.);
#1568=EDGE_CURVE('',#1941,#1940,#141,.T.);
#1569=EDGE_CURVE('',#1935,#1941,#142,.T.);
#1570=EDGE_CURVE('',#1942,#1943,#143,.T.);
#1571=EDGE_CURVE('',#1942,#1944,#144,.T.);
#1572=EDGE_CURVE('',#1945,#1944,#145,.T.);
#1573=EDGE_CURVE('',#1946,#1945,#146,.T.);
#1574=EDGE_CURVE('',#1947,#1946,#147,.T.);
#1575=EDGE_CURVE('',#1947,#1948,#148,.T.);
#1576=EDGE_CURVE('',#1949,#1948,#149,.T.);
#1577=EDGE_CURVE('',#1950,#1949,#150,.T.);
#1578=EDGE_CURVE('',#1943,#1950,#151,.T.);
#1579=EDGE_CURVE('',#1951,#1952,#152,.T.);
#1580=EDGE_CURVE('',#1951,#1953,#153,.T.);
#1581=EDGE_CURVE('',#1953,#1952,#154,.T.);
#1582=EDGE_CURVE('',#1954,#1955,#155,.T.);
#1583=EDGE_CURVE('',#1954,#1956,#156,.T.);
#1584=EDGE_CURVE('',#1956,#1957,#157,.T.);
#1585=EDGE_CURVE('',#1958,#1957,#158,.T.);
#1586=EDGE_CURVE('',#1959,#1958,#159,.T.);
#1587=EDGE_CURVE('',#1959,#1960,#160,.T.);
#1588=EDGE_CURVE('',#1960,#1961,#161,.T.);
#1589=EDGE_CURVE('',#1962,#1961,#162,.T.);
#1590=EDGE_CURVE('',#1963,#1962,#163,.T.);
#1591=EDGE_CURVE('',#1963,#1964,#164,.T.);
#1592=EDGE_CURVE('',#1964,#1965,#165,.T.);
#1593=EDGE_CURVE('',#1955,#1965,#166,.T.);
#1594=EDGE_CURVE('',#1966,#1967,#167,.T.);
#1595=EDGE_CURVE('',#1966,#1968,#168,.T.);
#1596=EDGE_CURVE('',#1968,#1969,#169,.T.);
#1597=EDGE_CURVE('',#1967,#1969,#170,.T.);
#1598=EDGE_CURVE('',#1970,#1971,#171,.T.);
#1599=EDGE_CURVE('',#1970,#1972,#172,.T.);
#1600=EDGE_CURVE('',#1972,#1973,#173,.T.);
#1601=EDGE_CURVE('',#1971,#1973,#174,.T.);
#1602=EDGE_CURVE('',#1974,#1975,#175,.T.);
#1603=EDGE_CURVE('',#1974,#1976,#176,.T.);
#1604=EDGE_CURVE('',#1976,#1977,#177,.T.);
#1605=EDGE_CURVE('',#1975,#1977,#178,.T.);
#1606=EDGE_CURVE('',#1978,#1979,#179,.T.);
#1607=EDGE_CURVE('',#1979,#1980,#180,.T.);
#1608=EDGE_CURVE('',#1980,#1981,#181,.T.);
#1609=EDGE_CURVE('',#1982,#1981,#182,.T.);
#1610=EDGE_CURVE('',#1982,#1983,#183,.T.);
#1611=EDGE_CURVE('',#1983,#1984,#184,.T.);
#1612=EDGE_CURVE('',#1985,#1984,#185,.T.);
#1613=EDGE_CURVE('',#1986,#1985,#186,.T.);
#1614=EDGE_CURVE('',#1987,#1986,#187,.T.);
#1615=EDGE_CURVE('',#1987,#1988,#188,.T.);
#1616=EDGE_CURVE('',#1989,#1988,#189,.T.);
#1617=EDGE_CURVE('',#1978,#1989,#190,.T.);
#1618=EDGE_CURVE('',#1990,#1990,#31,.T.);
#1619=EDGE_CURVE('',#1991,#1991,#32,.T.);
#1620=EDGE_CURVE('',#1992,#1992,#33,.T.);
#1621=EDGE_CURVE('',#1993,#1993,#34,.T.);
#1622=EDGE_CURVE('',#1994,#1994,#35,.T.);
#1623=EDGE_CURVE('',#1995,#1996,#191,.T.);
#1624=EDGE_CURVE('',#1996,#1997,#192,.T.);
#1625=EDGE_CURVE('',#1997,#1998,#193,.T.);
#1626=EDGE_CURVE('',#1998,#1995,#194,.T.);
#1627=EDGE_CURVE('',#1999,#2000,#195,.T.);
#1628=EDGE_CURVE('',#1999,#2001,#36,.T.);
#1629=EDGE_CURVE('',#2002,#2001,#196,.T.);
#1630=EDGE_CURVE('',#2002,#2003,#197,.T.);
#1631=EDGE_CURVE('',#2003,#2004,#198,.T.);
#1632=EDGE_CURVE('',#2004,#2000,#37,.T.);
#1633=EDGE_CURVE('',#2005,#2006,#199,.T.);
#1634=EDGE_CURVE('',#2007,#2005,#200,.T.);
#1635=EDGE_CURVE('',#2008,#2007,#201,.T.);
#1636=EDGE_CURVE('',#2009,#2008,#202,.T.);
#1637=EDGE_CURVE('',#2009,#2010,#203,.T.);
#1638=EDGE_CURVE('',#2011,#2010,#204,.T.);
#1639=EDGE_CURVE('',#2012,#2011,#205,.T.);
#1640=EDGE_CURVE('',#2013,#2012,#206,.T.);
#1641=EDGE_CURVE('',#2013,#2006,#207,.T.);
#1642=EDGE_CURVE('',#2014,#2015,#208,.T.);
#1643=EDGE_CURVE('',#2014,#2016,#38,.T.);
#1644=EDGE_CURVE('',#2016,#2017,#209,.T.);
#1645=EDGE_CURVE('',#2015,#2017,#39,.T.);
#1646=EDGE_CURVE('',#2018,#2019,#210,.T.);
#1647=EDGE_CURVE('',#2019,#2020,#211,.T.);
#1648=EDGE_CURVE('',#2020,#2021,#212,.T.);
#1649=EDGE_CURVE('',#2021,#2018,#213,.T.);
#1650=EDGE_CURVE('',#2022,#2023,#214,.T.);
#1651=EDGE_CURVE('',#2022,#2024,#215,.T.);
#1652=EDGE_CURVE('',#2024,#2025,#216,.T.);
#1653=EDGE_CURVE('',#2025,#2026,#217,.T.);
#1654=EDGE_CURVE('',#2027,#2026,#218,.T.);
#1655=EDGE_CURVE('',#2028,#2027,#219,.T.);
#1656=EDGE_CURVE('',#2029,#2028,#220,.T.);
#1657=EDGE_CURVE('',#2029,#2030,#221,.T.);
#1658=EDGE_CURVE('',#2030,#2031,#222,.T.);
#1659=EDGE_CURVE('',#2031,#2032,#223,.T.);
#1660=EDGE_CURVE('',#2033,#2032,#224,.T.);
#1661=EDGE_CURVE('',#2023,#2033,#225,.T.);
#1662=EDGE_CURVE('',#2034,#2035,#226,.T.);
#1663=EDGE_CURVE('',#2034,#2036,#227,.T.);
#1664=EDGE_CURVE('',#2036,#2037,#228,.T.);
#1665=EDGE_CURVE('',#2035,#2037,#229,.T.);
#1666=EDGE_CURVE('',#1963,#2038,#230,.T.);
#1667=EDGE_CURVE('',#2038,#2039,#231,.T.);
#1668=EDGE_CURVE('',#2040,#2039,#232,.T.);
#1669=EDGE_CURVE('',#2040,#2041,#233,.T.);
#1670=EDGE_CURVE('',#2041,#1964,#234,.T.);
#1671=EDGE_CURVE('',#2042,#2042,#40,.T.);
#1672=EDGE_CURVE('',#2043,#2044,#235,.T.);
#1673=EDGE_CURVE('',#2045,#2044,#236,.T.);
#1674=EDGE_CURVE('',#2046,#2045,#237,.T.);
#1675=EDGE_CURVE('',#2046,#2043,#238,.T.);
#1676=EDGE_CURVE('',#2047,#2047,#41,.T.);
#1677=EDGE_CURVE('',#1974,#2043,#239,.T.);
#1678=EDGE_CURVE('',#2048,#2046,#240,.T.);
#1679=EDGE_CURVE('',#2048,#1974,#241,.T.);
#1680=EDGE_CURVE('',#2045,#2049,#242,.T.);
#1681=EDGE_CURVE('',#2049,#1868,#243,.T.);
#1682=EDGE_CURVE('',#1867,#2048,#244,.T.);
#1683=EDGE_CURVE('',#1975,#2050,#245,.T.);
#1684=EDGE_CURVE('',#2044,#2050,#246,.T.);
#1685=EDGE_CURVE('',#1866,#2051,#247,.T.);
#1686=EDGE_CURVE('',#1976,#2051,#248,.T.);
#1687=EDGE_CURVE('',#1977,#2052,#249,.T.);
#1688=EDGE_CURVE('',#2050,#2052,#250,.T.);
#1689=EDGE_CURVE('',#2044,#2053,#251,.T.);
#1690=EDGE_CURVE('',#2053,#2052,#252,.T.);
#1691=EDGE_CURVE('',#2054,#2055,#253,.T.);
#1692=EDGE_CURVE('',#2049,#2055,#254,.T.);
#1693=EDGE_CURVE('',#2053,#2054,#255,.T.);
#1694=EDGE_CURVE('',#2055,#1865,#256,.T.);
#1695=EDGE_CURVE('',#2056,#2054,#257,.T.);
#1696=EDGE_CURVE('',#2051,#2056,#258,.T.);
#1697=EDGE_CURVE('',#2057,#2057,#42,.T.);
#1698=EDGE_CURVE('',#2058,#2053,#259,.T.);
#1699=EDGE_CURVE('',#2058,#2056,#260,.T.);
#1700=EDGE_CURVE('',#2059,#2059,#43,.T.);
#1701=EDGE_CURVE('',#1976,#2058,#261,.T.);
#1702=EDGE_CURVE('',#2060,#1966,#262,.T.);
#1703=EDGE_CURVE('',#2060,#2061,#263,.T.);
#1704=EDGE_CURVE('',#2061,#1968,#264,.T.);
#1705=EDGE_CURVE('',#2062,#1967,#265,.T.);
#1706=EDGE_CURVE('',#2060,#2062,#266,.T.);
#1707=EDGE_CURVE('',#2063,#1969,#267,.T.);
#1708=EDGE_CURVE('',#2062,#2063,#268,.T.);
#1709=EDGE_CURVE('',#2061,#2063,#269,.T.);
#1710=EDGE_CURVE('',#2064,#2064,#2102,.T.);
#1711=EDGE_CURVE('',#2065,#2065,#44,.F.);
#1712=EDGE_CURVE('',#2066,#2039,#270,.T.);
#1713=EDGE_CURVE('',#2066,#1954,#271,.T.);
#1714=EDGE_CURVE('',#2067,#1955,#272,.T.);
#1715=EDGE_CURVE('',#2040,#2067,#273,.T.);
#1716=EDGE_CURVE('',#2068,#1965,#274,.T.);
#1717=EDGE_CURVE('',#2067,#2068,#275,.T.);
#1718=EDGE_CURVE('',#2041,#2068,#276,.T.);
#1719=EDGE_CURVE('',#2069,#2069,#2103,.T.);
#1720=EDGE_CURVE('',#2070,#2070,#45,.F.);
#1721=EDGE_CURVE('',#2071,#1970,#277,.T.);
#1722=EDGE_CURVE('',#2071,#2072,#278,.T.);
#1723=EDGE_CURVE('',#2072,#1972,#279,.T.);
#1724=EDGE_CURVE('',#2073,#1971,#280,.T.);
#1725=EDGE_CURVE('',#2071,#2073,#281,.T.);
#1726=EDGE_CURVE('',#2074,#1973,#282,.T.);
#1727=EDGE_CURVE('',#2073,#2074,#283,.T.);
#1728=EDGE_CURVE('',#2072,#2074,#284,.T.);
#1729=EDGE_CURVE('',#2075,#2075,#2104,.T.);
#1730=EDGE_CURVE('',#2076,#2076,#46,.F.);
#1731=EDGE_CURVE('',#1960,#2077,#285,.T.);
#1732=EDGE_CURVE('',#2078,#1959,#286,.T.);
#1733=EDGE_CURVE('',#2078,#2079,#287,.T.);
#1734=EDGE_CURVE('',#2079,#2080,#288,.T.);
#1735=EDGE_CURVE('',#2080,#2077,#289,.T.);
#1736=EDGE_CURVE('',#2081,#1958,#290,.T.);
#1737=EDGE_CURVE('',#2078,#2081,#291,.T.);
#1738=EDGE_CURVE('',#2082,#1957,#292,.T.);
#1739=EDGE_CURVE('',#2081,#2082,#293,.T.);
#1740=EDGE_CURVE('',#2083,#1956,#294,.T.);
#1741=EDGE_CURVE('',#2083,#2080,#295,.T.);
#1742=EDGE_CURVE('',#2079,#2082,#296,.T.);
#1743=EDGE_CURVE('',#2084,#2084,#2105,.T.);
#1744=EDGE_CURVE('',#2085,#2085,#47,.F.);
#1745=EDGE_CURVE('',#2086,#2086,#2106,.T.);
#1746=EDGE_CURVE('',#2087,#2087,#2107,.T.);
#1747=EDGE_CURVE('',#2088,#2088,#2108,.T.);
#1748=EDGE_CURVE('',#2089,#2089,#2109,.T.);
#1749=EDGE_CURVE('',#1961,#1863,#297,.T.);
#1750=EDGE_CURVE('',#1962,#1862,#298,.T.);
#1751=EDGE_CURVE('',#2090,#1861,#299,.T.);
#1752=EDGE_CURVE('',#2090,#2038,#300,.T.);
#1753=EDGE_CURVE('',#2091,#2077,#301,.T.);
#1754=EDGE_CURVE('',#2091,#1864,#302,.T.);
#1755=EDGE_CURVE('',#2090,#2066,#303,.T.);
#1756=EDGE_CURVE('',#2083,#2091,#304,.T.);
#1757=EDGE_CURVE('',#1979,#1871,#305,.T.);
#1758=EDGE_CURVE('',#1980,#1869,#306,.T.);
#1759=EDGE_CURVE('',#1981,#1870,#307,.T.);
#1760=EDGE_CURVE('',#1982,#1880,#308,.T.);
#1761=EDGE_CURVE('',#1983,#1879,#309,.T.);
#1762=EDGE_CURVE('',#1984,#1878,#310,.T.);
#1763=EDGE_CURVE('',#1985,#1877,#311,.T.);
#1764=EDGE_CURVE('',#1986,#1876,#312,.T.);
#1765=EDGE_CURVE('',#1987,#1875,#313,.T.);
#1766=EDGE_CURVE('',#1988,#1874,#314,.T.);
#1767=EDGE_CURVE('',#1989,#1873,#315,.T.);
#1768=EDGE_CURVE('',#1978,#1872,#316,.T.);
#1769=EDGE_CURVE('',#1996,#1888,#317,.T.);
#1770=EDGE_CURVE('',#1997,#1886,#318,.T.);
#1771=EDGE_CURVE('',#1998,#1887,#319,.T.);
#1772=EDGE_CURVE('',#1995,#1889,#320,.T.);
#1773=EDGE_CURVE('',#2000,#1891,#321,.T.);
#1774=EDGE_CURVE('',#1999,#1890,#322,.T.);
#1775=EDGE_CURVE('',#2001,#1895,#323,.T.);
#1776=EDGE_CURVE('',#2002,#1894,#324,.T.);
#1777=EDGE_CURVE('',#2003,#1893,#325,.T.);
#1778=EDGE_CURVE('',#2004,#1892,#326,.T.);
#1779=EDGE_CURVE('',#1952,#1859,#327,.T.);
#1780=EDGE_CURVE('',#1951,#1858,#328,.T.);
#1781=EDGE_CURVE('',#1953,#1860,#329,.T.);
#1782=EDGE_CURVE('',#2006,#1897,#330,.T.);
#1783=EDGE_CURVE('',#2005,#1896,#331,.T.);
#1784=EDGE_CURVE('',#2007,#1904,#332,.T.);
#1785=EDGE_CURVE('',#2008,#1903,#333,.T.);
#1786=EDGE_CURVE('',#2009,#1902,#334,.T.);
#1787=EDGE_CURVE('',#2010,#1901,#335,.T.);
#1788=EDGE_CURVE('',#2011,#1900,#336,.T.);
#1789=EDGE_CURVE('',#2012,#1899,#337,.T.);
#1790=EDGE_CURVE('',#2013,#1898,#338,.T.);
#1791=EDGE_CURVE('',#1943,#1850,#339,.T.);
#1792=EDGE_CURVE('',#1942,#1849,#340,.T.);
#1793=EDGE_CURVE('',#1944,#1857,#341,.T.);
#1794=EDGE_CURVE('',#1945,#1856,#342,.T.);
#1795=EDGE_CURVE('',#1946,#1855,#343,.T.);
#1796=EDGE_CURVE('',#1947,#1854,#344,.T.);
#1797=EDGE_CURVE('',#1948,#1853,#345,.T.);
#1798=EDGE_CURVE('',#1949,#1852,#346,.T.);
#1799=EDGE_CURVE('',#1950,#1851,#347,.T.);
#1800=EDGE_CURVE('',#2015,#1906,#348,.T.);
#1801=EDGE_CURVE('',#2014,#1905,#349,.T.);
#1802=EDGE_CURVE('',#2016,#1908,#350,.T.);
#1803=EDGE_CURVE('',#2017,#1907,#351,.T.);
#1804=EDGE_CURVE('',#1935,#1842,#352,.T.);
#1805=EDGE_CURVE('',#1934,#1841,#353,.T.);
#1806=EDGE_CURVE('',#1936,#1848,#354,.T.);
#1807=EDGE_CURVE('',#1937,#1847,#355,.T.);
#1808=EDGE_CURVE('',#1938,#1846,#356,.T.);
#1809=EDGE_CURVE('',#1939,#1845,#357,.T.);
#1810=EDGE_CURVE('',#1940,#1844,#358,.T.);
#1811=EDGE_CURVE('',#1941,#1843,#359,.T.);
#1812=EDGE_CURVE('',#2019,#1911,#360,.T.);
#1813=EDGE_CURVE('',#2020,#1909,#361,.T.);
#1814=EDGE_CURVE('',#2021,#1910,#362,.T.);
#1815=EDGE_CURVE('',#2018,#1912,#363,.T.);
#1816=EDGE_CURVE('',#2023,#1914,#364,.T.);
#1817=EDGE_CURVE('',#2022,#1913,#365,.T.);
#1818=EDGE_CURVE('',#2024,#1924,#366,.T.);
#1819=EDGE_CURVE('',#2025,#1923,#367,.T.);
#1820=EDGE_CURVE('',#2026,#1922,#368,.T.);
#1821=EDGE_CURVE('',#2027,#1921,#369,.T.);
#1822=EDGE_CURVE('',#2028,#1920,#370,.T.);
#1823=EDGE_CURVE('',#2029,#1919,#371,.T.);
#1824=EDGE_CURVE('',#2030,#1918,#372,.T.);
#1825=EDGE_CURVE('',#2031,#1917,#373,.T.);
#1826=EDGE_CURVE('',#2032,#1916,#374,.T.);
#1827=EDGE_CURVE('',#2033,#1915,#375,.T.);
#1828=EDGE_CURVE('',#1931,#1838,#376,.T.);
#1829=EDGE_CURVE('',#1930,#1837,#377,.T.);
#1830=EDGE_CURVE('',#1932,#1840,#378,.T.);
#1831=EDGE_CURVE('',#1933,#1839,#379,.T.);
#1832=EDGE_CURVE('',#2035,#1926,#380,.T.);
#1833=EDGE_CURVE('',#2034,#1925,#381,.T.);
#1834=EDGE_CURVE('',#2036,#1928,#382,.T.);
#1835=EDGE_CURVE('',#2037,#1927,#383,.T.);
#1836=VERTEX_POINT('',#3672);
#1837=VERTEX_POINT('',#3674);
#1838=VERTEX_POINT('',#3675);
#1839=VERTEX_POINT('',#3677);
#1840=VERTEX_POINT('',#3679);
#1841=VERTEX_POINT('',#3682);
#1842=VERTEX_POINT('',#3683);
#1843=VERTEX_POINT('',#3685);
#1844=VERTEX_POINT('',#3687);
#1845=VERTEX_POINT('',#3689);
#1846=VERTEX_POINT('',#3691);
#1847=VERTEX_POINT('',#3693);
#1848=VERTEX_POINT('',#3695);
#1849=VERTEX_POINT('',#3698);
#1850=VERTEX_POINT('',#3699);
#1851=VERTEX_POINT('',#3701);
#1852=VERTEX_POINT('',#3703);
#1853=VERTEX_POINT('',#3705);
#1854=VERTEX_POINT('',#3707);
#1855=VERTEX_POINT('',#3709);
#1856=VERTEX_POINT('',#3711);
#1857=VERTEX_POINT('',#3713);
#1858=VERTEX_POINT('',#3716);
#1859=VERTEX_POINT('',#3717);
#1860=VERTEX_POINT('',#3719);
#1861=VERTEX_POINT('',#3722);
#1862=VERTEX_POINT('',#3723);
#1863=VERTEX_POINT('',#3725);
#1864=VERTEX_POINT('',#3727);
#1865=VERTEX_POINT('',#3730);
#1866=VERTEX_POINT('',#3731);
#1867=VERTEX_POINT('',#3733);
#1868=VERTEX_POINT('',#3735);
#1869=VERTEX_POINT('',#3738);
#1870=VERTEX_POINT('',#3739);
#1871=VERTEX_POINT('',#3741);
#1872=VERTEX_POINT('',#3743);
#1873=VERTEX_POINT('',#3745);
#1874=VERTEX_POINT('',#3747);
#1875=VERTEX_POINT('',#3749);
#1876=VERTEX_POINT('',#3751);
#1877=VERTEX_POINT('',#3753);
#1878=VERTEX_POINT('',#3755);
#1879=VERTEX_POINT('',#3757);
#1880=VERTEX_POINT('',#3759);
#1881=VERTEX_POINT('',#3762);
#1882=VERTEX_POINT('',#3764);
#1883=VERTEX_POINT('',#3766);
#1884=VERTEX_POINT('',#3768);
#1885=VERTEX_POINT('',#3770);
#1886=VERTEX_POINT('',#3772);
#1887=VERTEX_POINT('',#3773);
#1888=VERTEX_POINT('',#3775);
#1889=VERTEX_POINT('',#3777);
#1890=VERTEX_POINT('',#3780);
#1891=VERTEX_POINT('',#3781);
#1892=VERTEX_POINT('',#3783);
#1893=VERTEX_POINT('',#3785);
#1894=VERTEX_POINT('',#3787);
#1895=VERTEX_POINT('',#3789);
#1896=VERTEX_POINT('',#3792);
#1897=VERTEX_POINT('',#3793);
#1898=VERTEX_POINT('',#3795);
#1899=VERTEX_POINT('',#3797);
#1900=VERTEX_POINT('',#3799);
#1901=VERTEX_POINT('',#3801);
#1902=VERTEX_POINT('',#3803);
#1903=VERTEX_POINT('',#3805);
#1904=VERTEX_POINT('',#3807);
#1905=VERTEX_POINT('',#3810);
#1906=VERTEX_POINT('',#3811);
#1907=VERTEX_POINT('',#3813);
#1908=VERTEX_POINT('',#3815);
#1909=VERTEX_POINT('',#3818);
#1910=VERTEX_POINT('',#3819);
#1911=VERTEX_POINT('',#3821);
#1912=VERTEX_POINT('',#3823);
#1913=VERTEX_POINT('',#3826);
#1914=VERTEX_POINT('',#3827);
#1915=VERTEX_POINT('',#3829);
#1916=VERTEX_POINT('',#3831);
#1917=VERTEX_POINT('',#3833);
#1918=VERTEX_POINT('',#3835);
#1919=VERTEX_POINT('',#3837);
#1920=VERTEX_POINT('',#3839);
#1921=VERTEX_POINT('',#3841);
#1922=VERTEX_POINT('',#3843);
#1923=VERTEX_POINT('',#3845);
#1924=VERTEX_POINT('',#3847);
#1925=VERTEX_POINT('',#3850);
#1926=VERTEX_POINT('',#3851);
#1927=VERTEX_POINT('',#3853);
#1928=VERTEX_POINT('',#3855);
#1929=VERTEX_POINT('',#3859);
#1930=VERTEX_POINT('',#3861);
#1931=VERTEX_POINT('',#3862);
#1932=VERTEX_POINT('',#3864);
#1933=VERTEX_POINT('',#3866);
#1934=VERTEX_POINT('',#3869);
#1935=VERTEX_POINT('',#3870);
#1936=VERTEX_POINT('',#3872);
#1937=VERTEX_POINT('',#3874);
#1938=VERTEX_POINT('',#3876);
#1939=VERTEX_POINT('',#3878);
#1940=VERTEX_POINT('',#3880);
#1941=VERTEX_POINT('',#3882);
#1942=VERTEX_POINT('',#3885);
#1943=VERTEX_POINT('',#3886);
#1944=VERTEX_POINT('',#3888);
#1945=VERTEX_POINT('',#3890);
#1946=VERTEX_POINT('',#3892);
#1947=VERTEX_POINT('',#3894);
#1948=VERTEX_POINT('',#3896);
#1949=VERTEX_POINT('',#3898);
#1950=VERTEX_POINT('',#3900);
#1951=VERTEX_POINT('',#3903);
#1952=VERTEX_POINT('',#3904);
#1953=VERTEX_POINT('',#3906);
#1954=VERTEX_POINT('',#3909);
#1955=VERTEX_POINT('',#3910);
#1956=VERTEX_POINT('',#3912);
#1957=VERTEX_POINT('',#3914);
#1958=VERTEX_POINT('',#3916);
#1959=VERTEX_POINT('',#3918);
#1960=VERTEX_POINT('',#3920);
#1961=VERTEX_POINT('',#3922);
#1962=VERTEX_POINT('',#3924);
#1963=VERTEX_POINT('',#3926);
#1964=VERTEX_POINT('',#3928);
#1965=VERTEX_POINT('',#3930);
#1966=VERTEX_POINT('',#3933);
#1967=VERTEX_POINT('',#3934);
#1968=VERTEX_POINT('',#3936);
#1969=VERTEX_POINT('',#3938);
#1970=VERTEX_POINT('',#3941);
#1971=VERTEX_POINT('',#3942);
#1972=VERTEX_POINT('',#3944);
#1973=VERTEX_POINT('',#3946);
#1974=VERTEX_POINT('',#3949);
#1975=VERTEX_POINT('',#3950);
#1976=VERTEX_POINT('',#3952);
#1977=VERTEX_POINT('',#3954);
#1978=VERTEX_POINT('',#3957);
#1979=VERTEX_POINT('',#3958);
#1980=VERTEX_POINT('',#3960);
#1981=VERTEX_POINT('',#3962);
#1982=VERTEX_POINT('',#3964);
#1983=VERTEX_POINT('',#3966);
#1984=VERTEX_POINT('',#3968);
#1985=VERTEX_POINT('',#3970);
#1986=VERTEX_POINT('',#3972);
#1987=VERTEX_POINT('',#3974);
#1988=VERTEX_POINT('',#3976);
#1989=VERTEX_POINT('',#3978);
#1990=VERTEX_POINT('',#3981);
#1991=VERTEX_POINT('',#3983);
#1992=VERTEX_POINT('',#3985);
#1993=VERTEX_POINT('',#3987);
#1994=VERTEX_POINT('',#3989);
#1995=VERTEX_POINT('',#3991);
#1996=VERTEX_POINT('',#3992);
#1997=VERTEX_POINT('',#3994);
#1998=VERTEX_POINT('',#3996);
#1999=VERTEX_POINT('',#3999);
#2000=VERTEX_POINT('',#4000);
#2001=VERTEX_POINT('',#4002);
#2002=VERTEX_POINT('',#4004);
#2003=VERTEX_POINT('',#4006);
#2004=VERTEX_POINT('',#4008);
#2005=VERTEX_POINT('',#4011);
#2006=VERTEX_POINT('',#4012);
#2007=VERTEX_POINT('',#4014);
#2008=VERTEX_POINT('',#4016);
#2009=VERTEX_POINT('',#4018);
#2010=VERTEX_POINT('',#4020);
#2011=VERTEX_POINT('',#4022);
#2012=VERTEX_POINT('',#4024);
#2013=VERTEX_POINT('',#4026);
#2014=VERTEX_POINT('',#4029);
#2015=VERTEX_POINT('',#4030);
#2016=VERTEX_POINT('',#4032);
#2017=VERTEX_POINT('',#4034);
#2018=VERTEX_POINT('',#4037);
#2019=VERTEX_POINT('',#4038);
#2020=VERTEX_POINT('',#4040);
#2021=VERTEX_POINT('',#4042);
#2022=VERTEX_POINT('',#4045);
#2023=VERTEX_POINT('',#4046);
#2024=VERTEX_POINT('',#4048);
#2025=VERTEX_POINT('',#4050);
#2026=VERTEX_POINT('',#4052);
#2027=VERTEX_POINT('',#4054);
#2028=VERTEX_POINT('',#4056);
#2029=VERTEX_POINT('',#4058);
#2030=VERTEX_POINT('',#4060);
#2031=VERTEX_POINT('',#4062);
#2032=VERTEX_POINT('',#4064);
#2033=VERTEX_POINT('',#4066);
#2034=VERTEX_POINT('',#4069);
#2035=VERTEX_POINT('',#4070);
#2036=VERTEX_POINT('',#4072);
#2037=VERTEX_POINT('',#4074);
#2038=VERTEX_POINT('',#4078);
#2039=VERTEX_POINT('',#4080);
#2040=VERTEX_POINT('',#4082);
#2041=VERTEX_POINT('',#4084);
#2042=VERTEX_POINT('',#4088);
#2043=VERTEX_POINT('',#4090);
#2044=VERTEX_POINT('',#4091);
#2045=VERTEX_POINT('',#4093);
#2046=VERTEX_POINT('',#4095);
#2047=VERTEX_POINT('',#4099);
#2048=VERTEX_POINT('',#4102);
#2049=VERTEX_POINT('',#4106);
#2050=VERTEX_POINT('',#4111);
#2051=VERTEX_POINT('',#4115);
#2052=VERTEX_POINT('',#4119);
#2053=VERTEX_POINT('',#4123);
#2054=VERTEX_POINT('',#4127);
#2055=VERTEX_POINT('',#4128);
#2056=VERTEX_POINT('',#4135);
#2057=VERTEX_POINT('',#4139);
#2058=VERTEX_POINT('',#4141);
#2059=VERTEX_POINT('',#4145);
#2060=VERTEX_POINT('',#4150);
#2061=VERTEX_POINT('',#4152);
#2062=VERTEX_POINT('',#4156);
#2063=VERTEX_POINT('',#4160);
#2064=VERTEX_POINT('',#4166);
#2065=VERTEX_POINT('',#4168);
#2066=VERTEX_POINT('',#4173);
#2067=VERTEX_POINT('',#4176);
#2068=VERTEX_POINT('',#4180);
#2069=VERTEX_POINT('',#4186);
#2070=VERTEX_POINT('',#4188);
#2071=VERTEX_POINT('',#4193);
#2072=VERTEX_POINT('',#4195);
#2073=VERTEX_POINT('',#4199);
#2074=VERTEX_POINT('',#4203);
#2075=VERTEX_POINT('',#4209);
#2076=VERTEX_POINT('',#4211);
#2077=VERTEX_POINT('',#4216);
#2078=VERTEX_POINT('',#4218);
#2079=VERTEX_POINT('',#4220);
#2080=VERTEX_POINT('',#4222);
#2081=VERTEX_POINT('',#4226);
#2082=VERTEX_POINT('',#4230);
#2083=VERTEX_POINT('',#4234);
#2084=VERTEX_POINT('',#4239);
#2085=VERTEX_POINT('',#4241);
#2086=VERTEX_POINT('',#4246);
#2087=VERTEX_POINT('',#4250);
#2088=VERTEX_POINT('',#4254);
#2089=VERTEX_POINT('',#4258);
#2090=VERTEX_POINT('',#4265);
#2091=VERTEX_POINT('',#4269);
#2092=CIRCLE('',#2798,0.000928555920228703);
#2093=CIRCLE('',#2799,0.000928555920228703);
#2094=CIRCLE('',#2800,0.000928555920228703);
#2095=CIRCLE('',#2801,0.000928555920228703);
#2096=CIRCLE('',#2802,0.000928555920228703);
#2097=CIRCLE('',#2803,0.000928555920228703);
#2098=CIRCLE('',#2804,0.00115229318421212);
#2099=CIRCLE('',#2805,0.00115229318421195);
#2100=CIRCLE('',#2806,0.000874432089974484);
#2101=CIRCLE('',#2807,0.001152293184212);
#2102=CIRCLE('',#2842,0.00230235529023182);
#2103=CIRCLE('',#2850,0.00230235529023183);
#2104=CIRCLE('',#2859,0.00230235529023182);
#2105=CIRCLE('',#2868,0.00230235529023183);
#2106=CIRCLE('',#2873,0.00160676834195572);
#2107=CIRCLE('',#2876,0.00160676834195571);
#2108=CIRCLE('',#2879,0.00160074814401647);
#2109=CIRCLE('',#2882,0.00160074814401646);
#2110=EDGE_LOOP('',(#720));
#2111=EDGE_LOOP('',(#721,#722,#723,#724));
#2112=EDGE_LOOP('',(#725,#726,#727,#728,#729,#730,#731,#732));
#2113=EDGE_LOOP('',(#733,#734,#735,#736,#737,#738,#739,#740,#741));
#2114=EDGE_LOOP('',(#742,#743,#744));
#2115=EDGE_LOOP('',(#745,#746,#747,#748));
#2116=EDGE_LOOP('',(#749,#750,#751,#752));
#2117=EDGE_LOOP('',(#753,#754,#755,#756,#757,#758,#759,#760,#761,#762,#763,
#764));
#2118=EDGE_LOOP('',(#765));
#2119=EDGE_LOOP('',(#766));
#2120=EDGE_LOOP('',(#767));
#2121=EDGE_LOOP('',(#768));
#2122=EDGE_LOOP('',(#769));
#2123=EDGE_LOOP('',(#770,#771,#772,#773));
#2124=EDGE_LOOP('',(#774,#775,#776,#777,#778,#779));
#2125=EDGE_LOOP('',(#780,#781,#782,#783,#784,#785,#786,#787,#788));
#2126=EDGE_LOOP('',(#789,#790,#791,#792));
#2127=EDGE_LOOP('',(#793,#794,#795,#796));
#2128=EDGE_LOOP('',(#797,#798,#799,#800,#801,#802,#803,#804,#805,#806,#807,
#808));
#2129=EDGE_LOOP('',(#809,#810,#811,#812));
#2130=EDGE_LOOP('',(#813));
#2131=EDGE_LOOP('',(#814,#815,#816,#817));
#2132=EDGE_LOOP('',(#818,#819,#820,#821,#822,#823,#824,#825));
#2133=EDGE_LOOP('',(#826,#827,#828,#829,#830,#831,#832,#833,#834));
#2134=EDGE_LOOP('',(#835,#836,#837));
#2135=EDGE_LOOP('',(#838,#839,#840,#841,#842,#843,#844,#845,#846,#847,#848,
#849));
#2136=EDGE_LOOP('',(#850,#851,#852,#853));
#2137=EDGE_LOOP('',(#854,#855,#856,#857));
#2138=EDGE_LOOP('',(#858,#859,#860,#861));
#2139=EDGE_LOOP('',(#862,#863,#864,#865,#866,#867,#868,#869,#870,#871,#872,
#873));
#2140=EDGE_LOOP('',(#874));
#2141=EDGE_LOOP('',(#875));
#2142=EDGE_LOOP('',(#876));
#2143=EDGE_LOOP('',(#877));
#2144=EDGE_LOOP('',(#878));
#2145=EDGE_LOOP('',(#879,#880,#881,#882));
#2146=EDGE_LOOP('',(#883,#884,#885,#886,#887,#888));
#2147=EDGE_LOOP('',(#889,#890,#891,#892,#893,#894,#895,#896,#897));
#2148=EDGE_LOOP('',(#898,#899,#900,#901));
#2149=EDGE_LOOP('',(#902,#903,#904,#905));
#2150=EDGE_LOOP('',(#906,#907,#908,#909,#910,#911,#912,#913,#914,#915,#916,
#917));
#2151=EDGE_LOOP('',(#918,#919,#920,#921));
#2152=EDGE_LOOP('',(#922,#923,#924,#925,#926,#927));
#2153=EDGE_LOOP('',(#928));
#2154=EDGE_LOOP('',(#929,#930,#931,#932));
#2155=EDGE_LOOP('',(#933));
#2156=EDGE_LOOP('',(#934,#935,#936,#937));
#2157=EDGE_LOOP('',(#938,#939,#940,#941,#942,#943));
#2158=EDGE_LOOP('',(#944,#945,#946,#947,#948));
#2159=EDGE_LOOP('',(#949,#950,#951,#952,#953,#954));
#2160=EDGE_LOOP('',(#955,#956,#957,#958));
#2161=EDGE_LOOP('',(#959,#960,#961,#962));
#2162=EDGE_LOOP('',(#963,#964,#965,#966,#967,#968));
#2163=EDGE_LOOP('',(#969,#970,#971,#972));
#2164=EDGE_LOOP('',(#973,#974,#975,#976,#977,#978));
#2165=EDGE_LOOP('',(#979));
#2166=EDGE_LOOP('',(#980,#981,#982,#983));
#2167=EDGE_LOOP('',(#984));
#2168=EDGE_LOOP('',(#985,#986,#987,#988));
#2169=EDGE_LOOP('',(#989,#990,#991,#992,#993));
#2170=EDGE_LOOP('',(#994,#995,#996,#997));
#2171=EDGE_LOOP('',(#998,#999,#1000,#1001));
#2172=EDGE_LOOP('',(#1002,#1003,#1004,#1005));
#2173=EDGE_LOOP('',(#1006,#1007,#1008,#1009));
#2174=EDGE_LOOP('',(#1010));
#2175=EDGE_LOOP('',(#1011));
#2176=EDGE_LOOP('',(#1012,#1013,#1014,#1015));
#2177=EDGE_LOOP('',(#1016));
#2178=EDGE_LOOP('',(#1017));
#2179=EDGE_LOOP('',(#1018,#1019,#1020,#1021,#1022,#1023));
#2180=EDGE_LOOP('',(#1024,#1025,#1026,#1027));
#2181=EDGE_LOOP('',(#1028,#1029,#1030,#1031));
#2182=EDGE_LOOP('',(#1032));
#2183=EDGE_LOOP('',(#1033));
#2184=EDGE_LOOP('',(#1034,#1035,#1036,#1037));
#2185=EDGE_LOOP('',(#1038));
#2186=EDGE_LOOP('',(#1039));
#2187=EDGE_LOOP('',(#1040,#1041,#1042,#1043));
#2188=EDGE_LOOP('',(#1044,#1045,#1046,#1047));
#2189=EDGE_LOOP('',(#1048,#1049,#1050,#1051));
#2190=EDGE_LOOP('',(#1052,#1053,#1054,#1055));
#2191=EDGE_LOOP('',(#1056));
#2192=EDGE_LOOP('',(#1057));
#2193=EDGE_LOOP('',(#1058,#1059,#1060,#1061));
#2194=EDGE_LOOP('',(#1062));
#2195=EDGE_LOOP('',(#1063));
#2196=EDGE_LOOP('',(#1064,#1065,#1066,#1067,#1068,#1069));
#2197=EDGE_LOOP('',(#1070,#1071,#1072,#1073));
#2198=EDGE_LOOP('',(#1074,#1075,#1076,#1077));
#2199=EDGE_LOOP('',(#1078,#1079,#1080,#1081,#1082,#1083));
#2200=EDGE_LOOP('',(#1084));
#2201=EDGE_LOOP('',(#1085));
#2202=EDGE_LOOP('',(#1086,#1087,#1088,#1089));
#2203=EDGE_LOOP('',(#1090));
#2204=EDGE_LOOP('',(#1091));
#2205=EDGE_LOOP('',(#1092));
#2206=EDGE_LOOP('',(#1093));
#2207=EDGE_LOOP('',(#1094));
#2208=EDGE_LOOP('',(#1095));
#2209=EDGE_LOOP('',(#1096));
#2210=EDGE_LOOP('',(#1097));
#2211=EDGE_LOOP('',(#1098));
#2212=EDGE_LOOP('',(#1099));
#2213=EDGE_LOOP('',(#1100));
#2214=EDGE_LOOP('',(#1101));
#2215=EDGE_LOOP('',(#1102));
#2216=EDGE_LOOP('',(#1103));
#2217=EDGE_LOOP('',(#1104,#1105,#1106,#1107));
#2218=EDGE_LOOP('',(#1108,#1109,#1110,#1111,#1112,#1113));
#2219=EDGE_LOOP('',(#1114,#1115,#1116,#1117,#1118,#1119));
#2220=EDGE_LOOP('',(#1120,#1121,#1122,#1123,#1124,#1125,#1126,#1127));
#2221=EDGE_LOOP('',(#1128,#1129,#1130,#1131));
#2222=EDGE_LOOP('',(#1132,#1133,#1134,#1135));
#2223=EDGE_LOOP('',(#1136,#1137,#1138,#1139));
#2224=EDGE_LOOP('',(#1140,#1141,#1142,#1143));
#2225=EDGE_LOOP('',(#1144,#1145,#1146,#1147));
#2226=EDGE_LOOP('',(#1148,#1149,#1150,#1151));
#2227=EDGE_LOOP('',(#1152,#1153,#1154,#1155));
#2228=EDGE_LOOP('',(#1156,#1157,#1158,#1159));
#2229=EDGE_LOOP('',(#1160,#1161,#1162,#1163));
#2230=EDGE_LOOP('',(#1164,#1165,#1166,#1167));
#2231=EDGE_LOOP('',(#1168,#1169,#1170,#1171));
#2232=EDGE_LOOP('',(#1172,#1173,#1174,#1175));
#2233=EDGE_LOOP('',(#1176,#1177,#1178,#1179));
#2234=EDGE_LOOP('',(#1180,#1181,#1182,#1183));
#2235=EDGE_LOOP('',(#1184));
#2236=EDGE_LOOP('',(#1185));
#2237=EDGE_LOOP('',(#1186));
#2238=EDGE_LOOP('',(#1187));
#2239=EDGE_LOOP('',(#1188));
#2240=EDGE_LOOP('',(#1189));
#2241=EDGE_LOOP('',(#1190));
#2242=EDGE_LOOP('',(#1191));
#2243=EDGE_LOOP('',(#1192));
#2244=EDGE_LOOP('',(#1193));
#2245=EDGE_LOOP('',(#1194,#1195,#1196,#1197));
#2246=EDGE_LOOP('',(#1198,#1199,#1200,#1201));
#2247=EDGE_LOOP('',(#1202,#1203,#1204,#1205));
#2248=EDGE_LOOP('',(#1206,#1207,#1208,#1209));
#2249=EDGE_LOOP('',(#1210,#1211,#1212,#1213));
#2250=EDGE_LOOP('',(#1214,#1215,#1216,#1217));
#2251=EDGE_LOOP('',(#1218,#1219,#1220,#1221));
#2252=EDGE_LOOP('',(#1222,#1223,#1224,#1225));
#2253=EDGE_LOOP('',(#1226,#1227,#1228,#1229));
#2254=EDGE_LOOP('',(#1230,#1231,#1232,#1233));
#2255=EDGE_LOOP('',(#1234,#1235,#1236,#1237));
#2256=EDGE_LOOP('',(#1238,#1239,#1240,#1241));
#2257=EDGE_LOOP('',(#1242,#1243,#1244,#1245));
#2258=EDGE_LOOP('',(#1246,#1247,#1248,#1249));
#2259=EDGE_LOOP('',(#1250,#1251,#1252,#1253));
#2260=EDGE_LOOP('',(#1254,#1255,#1256,#1257));
#2261=EDGE_LOOP('',(#1258,#1259,#1260,#1261));
#2262=EDGE_LOOP('',(#1262,#1263,#1264,#1265));
#2263=EDGE_LOOP('',(#1266,#1267,#1268,#1269));
#2264=EDGE_LOOP('',(#1270,#1271,#1272,#1273));
#2265=EDGE_LOOP('',(#1274,#1275,#1276,#1277));
#2266=EDGE_LOOP('',(#1278,#1279,#1280,#1281));
#2267=EDGE_LOOP('',(#1282,#1283,#1284,#1285));
#2268=EDGE_LOOP('',(#1286,#1287,#1288,#1289));
#2269=EDGE_LOOP('',(#1290,#1291,#1292,#1293));
#2270=EDGE_LOOP('',(#1294,#1295,#1296,#1297));
#2271=EDGE_LOOP('',(#1298,#1299,#1300,#1301));
#2272=EDGE_LOOP('',(#1302,#1303,#1304,#1305));
#2273=EDGE_LOOP('',(#1306,#1307,#1308,#1309));
#2274=EDGE_LOOP('',(#1310,#1311,#1312,#1313));
#2275=EDGE_LOOP('',(#1314,#1315,#1316,#1317));
#2276=EDGE_LOOP('',(#1318,#1319,#1320,#1321));
#2277=EDGE_LOOP('',(#1322,#1323,#1324,#1325));
#2278=EDGE_LOOP('',(#1326,#1327,#1328,#1329));
#2279=EDGE_LOOP('',(#1330,#1331,#1332,#1333));
#2280=EDGE_LOOP('',(#1334,#1335,#1336,#1337));
#2281=EDGE_LOOP('',(#1338,#1339,#1340,#1341));
#2282=EDGE_LOOP('',(#1342,#1343,#1344,#1345));
#2283=EDGE_LOOP('',(#1346,#1347,#1348,#1349));
#2284=EDGE_LOOP('',(#1350,#1351,#1352,#1353));
#2285=EDGE_LOOP('',(#1354,#1355,#1356,#1357));
#2286=EDGE_LOOP('',(#1358,#1359,#1360,#1361));
#2287=EDGE_LOOP('',(#1362,#1363,#1364,#1365));
#2288=EDGE_LOOP('',(#1366,#1367,#1368,#1369));
#2289=EDGE_LOOP('',(#1370,#1371,#1372,#1373));
#2290=EDGE_LOOP('',(#1374,#1375,#1376,#1377));
#2291=EDGE_LOOP('',(#1378,#1379,#1380,#1381));
#2292=EDGE_LOOP('',(#1382,#1383,#1384,#1385));
#2293=EDGE_LOOP('',(#1386,#1387,#1388,#1389));
#2294=EDGE_LOOP('',(#1390,#1391,#1392,#1393));
#2295=EDGE_LOOP('',(#1394,#1395,#1396,#1397));
#2296=EDGE_LOOP('',(#1398,#1399,#1400,#1401));
#2297=EDGE_LOOP('',(#1402,#1403,#1404,#1405));
#2298=EDGE_LOOP('',(#1406,#1407,#1408,#1409));
#2299=EDGE_LOOP('',(#1410,#1411,#1412,#1413));
#2300=EDGE_LOOP('',(#1414,#1415,#1416,#1417));
#2301=EDGE_LOOP('',(#1418,#1419,#1420,#1421));
#2302=EDGE_LOOP('',(#1422,#1423,#1424,#1425));
#2303=EDGE_LOOP('',(#1426,#1427,#1428,#1429));
#2304=EDGE_LOOP('',(#1430,#1431,#1432,#1433));
#2305=EDGE_LOOP('',(#1434,#1435,#1436,#1437));
#2306=EDGE_LOOP('',(#1438,#1439,#1440,#1441));
#2307=EDGE_LOOP('',(#1442,#1443,#1444,#1445));
#2308=EDGE_LOOP('',(#1446,#1447,#1448,#1449));
#2309=EDGE_LOOP('',(#1450,#1451,#1452,#1453));
#2310=EDGE_LOOP('',(#1454,#1455,#1456,#1457));
#2311=EDGE_LOOP('',(#1458,#1459,#1460,#1461));
#2312=EDGE_LOOP('',(#1462));
#2313=EDGE_LOOP('',(#1463));
#2314=FACE_BOUND('',#2110,.T.);
#2315=FACE_BOUND('',#2111,.T.);
#2316=FACE_BOUND('',#2112,.T.);
#2317=FACE_BOUND('',#2113,.T.);
#2318=FACE_BOUND('',#2114,.T.);
#2319=FACE_BOUND('',#2115,.T.);
#2320=FACE_BOUND('',#2116,.T.);
#2321=FACE_BOUND('',#2117,.T.);
#2322=FACE_BOUND('',#2118,.T.);
#2323=FACE_BOUND('',#2119,.T.);
#2324=FACE_BOUND('',#2120,.T.);
#2325=FACE_BOUND('',#2121,.T.);
#2326=FACE_BOUND('',#2122,.T.);
#2327=FACE_BOUND('',#2123,.T.);
#2328=FACE_BOUND('',#2124,.T.);
#2329=FACE_BOUND('',#2125,.T.);
#2330=FACE_BOUND('',#2126,.T.);
#2331=FACE_BOUND('',#2127,.T.);
#2332=FACE_BOUND('',#2128,.T.);
#2333=FACE_BOUND('',#2129,.T.);
#2334=FACE_BOUND('',#2130,.T.);
#2335=FACE_BOUND('',#2131,.T.);
#2336=FACE_BOUND('',#2132,.T.);
#2337=FACE_BOUND('',#2133,.T.);
#2338=FACE_BOUND('',#2134,.T.);
#2339=FACE_BOUND('',#2135,.T.);
#2340=FACE_BOUND('',#2136,.T.);
#2341=FACE_BOUND('',#2137,.T.);
#2342=FACE_BOUND('',#2138,.T.);
#2343=FACE_BOUND('',#2139,.T.);
#2344=FACE_BOUND('',#2140,.T.);
#2345=FACE_BOUND('',#2141,.T.);
#2346=FACE_BOUND('',#2142,.T.);
#2347=FACE_BOUND('',#2143,.T.);
#2348=FACE_BOUND('',#2144,.T.);
#2349=FACE_BOUND('',#2145,.T.);
#2350=FACE_BOUND('',#2146,.T.);
#2351=FACE_BOUND('',#2147,.T.);
#2352=FACE_BOUND('',#2148,.T.);
#2353=FACE_BOUND('',#2149,.T.);
#2354=FACE_BOUND('',#2150,.T.);
#2355=FACE_BOUND('',#2151,.T.);
#2356=FACE_BOUND('',#2152,.T.);
#2357=FACE_BOUND('',#2153,.T.);
#2358=FACE_BOUND('',#2154,.T.);
#2359=FACE_BOUND('',#2155,.T.);
#2360=FACE_BOUND('',#2156,.T.);
#2361=FACE_BOUND('',#2157,.T.);
#2362=FACE_BOUND('',#2158,.T.);
#2363=FACE_BOUND('',#2159,.T.);
#2364=FACE_BOUND('',#2160,.T.);
#2365=FACE_BOUND('',#2161,.T.);
#2366=FACE_BOUND('',#2162,.T.);
#2367=FACE_BOUND('',#2163,.T.);
#2368=FACE_BOUND('',#2164,.T.);
#2369=FACE_BOUND('',#2165,.T.);
#2370=FACE_BOUND('',#2166,.T.);
#2371=FACE_BOUND('',#2167,.T.);
#2372=FACE_BOUND('',#2168,.T.);
#2373=FACE_BOUND('',#2169,.T.);
#2374=FACE_BOUND('',#2170,.T.);
#2375=FACE_BOUND('',#2171,.T.);
#2376=FACE_BOUND('',#2172,.T.);
#2377=FACE_BOUND('',#2173,.T.);
#2378=FACE_BOUND('',#2174,.T.);
#2379=FACE_BOUND('',#2175,.T.);
#2380=FACE_BOUND('',#2176,.T.);
#2381=FACE_BOUND('',#2177,.T.);
#2382=FACE_BOUND('',#2178,.T.);
#2383=FACE_BOUND('',#2179,.T.);
#2384=FACE_BOUND('',#2180,.T.);
#2385=FACE_BOUND('',#2181,.T.);
#2386=FACE_BOUND('',#2182,.T.);
#2387=FACE_BOUND('',#2183,.T.);
#2388=FACE_BOUND('',#2184,.T.);
#2389=FACE_BOUND('',#2185,.T.);
#2390=FACE_BOUND('',#2186,.T.);
#2391=FACE_BOUND('',#2187,.T.);
#2392=FACE_BOUND('',#2188,.T.);
#2393=FACE_BOUND('',#2189,.T.);
#2394=FACE_BOUND('',#2190,.T.);
#2395=FACE_BOUND('',#2191,.T.);
#2396=FACE_BOUND('',#2192,.T.);
#2397=FACE_BOUND('',#2193,.T.);
#2398=FACE_BOUND('',#2194,.T.);
#2399=FACE_BOUND('',#2195,.T.);
#2400=FACE_BOUND('',#2196,.T.);
#2401=FACE_BOUND('',#2197,.T.);
#2402=FACE_BOUND('',#2198,.T.);
#2403=FACE_BOUND('',#2199,.T.);
#2404=FACE_BOUND('',#2200,.T.);
#2405=FACE_BOUND('',#2201,.T.);
#2406=FACE_BOUND('',#2202,.T.);
#2407=FACE_BOUND('',#2203,.T.);
#2408=FACE_BOUND('',#2204,.T.);
#2409=FACE_BOUND('',#2205,.T.);
#2410=FACE_BOUND('',#2206,.T.);
#2411=FACE_BOUND('',#2207,.T.);
#2412=FACE_BOUND('',#2208,.T.);
#2413=FACE_BOUND('',#2209,.T.);
#2414=FACE_BOUND('',#2210,.T.);
#2415=FACE_BOUND('',#2211,.T.);
#2416=FACE_BOUND('',#2212,.T.);
#2417=FACE_BOUND('',#2213,.T.);
#2418=FACE_BOUND('',#2214,.T.);
#2419=FACE_BOUND('',#2215,.T.);
#2420=FACE_BOUND('',#2216,.T.);
#2421=FACE_BOUND('',#2217,.T.);
#2422=FACE_BOUND('',#2218,.T.);
#2423=FACE_BOUND('',#2219,.T.);
#2424=FACE_BOUND('',#2220,.T.);
#2425=FACE_BOUND('',#2221,.T.);
#2426=FACE_BOUND('',#2222,.T.);
#2427=FACE_BOUND('',#2223,.T.);
#2428=FACE_BOUND('',#2224,.T.);
#2429=FACE_BOUND('',#2225,.T.);
#2430=FACE_BOUND('',#2226,.T.);
#2431=FACE_BOUND('',#2227,.T.);
#2432=FACE_BOUND('',#2228,.T.);
#2433=FACE_BOUND('',#2229,.T.);
#2434=FACE_BOUND('',#2230,.T.);
#2435=FACE_BOUND('',#2231,.T.);
#2436=FACE_BOUND('',#2232,.T.);
#2437=FACE_BOUND('',#2233,.T.);
#2438=FACE_BOUND('',#2234,.T.);
#2439=FACE_BOUND('',#2235,.T.);
#2440=FACE_BOUND('',#2236,.T.);
#2441=FACE_BOUND('',#2237,.T.);
#2442=FACE_BOUND('',#2238,.T.);
#2443=FACE_BOUND('',#2239,.T.);
#2444=FACE_BOUND('',#2240,.T.);
#2445=FACE_BOUND('',#2241,.T.);
#2446=FACE_BOUND('',#2242,.T.);
#2447=FACE_BOUND('',#2243,.T.);
#2448=FACE_BOUND('',#2244,.T.);
#2449=FACE_BOUND('',#2245,.T.);
#2450=FACE_BOUND('',#2246,.T.);
#2451=FACE_BOUND('',#2247,.T.);
#2452=FACE_BOUND('',#2248,.T.);
#2453=FACE_BOUND('',#2249,.T.);
#2454=FACE_BOUND('',#2250,.T.);
#2455=FACE_BOUND('',#2251,.T.);
#2456=FACE_BOUND('',#2252,.T.);
#2457=FACE_BOUND('',#2253,.T.);
#2458=FACE_BOUND('',#2254,.T.);
#2459=FACE_BOUND('',#2255,.T.);
#2460=FACE_BOUND('',#2256,.T.);
#2461=FACE_BOUND('',#2257,.T.);
#2462=FACE_BOUND('',#2258,.T.);
#2463=FACE_BOUND('',#2259,.T.);
#2464=FACE_BOUND('',#2260,.T.);
#2465=FACE_BOUND('',#2261,.T.);
#2466=FACE_BOUND('',#2262,.T.);
#2467=FACE_BOUND('',#2263,.T.);
#2468=FACE_BOUND('',#2264,.T.);
#2469=FACE_BOUND('',#2265,.T.);
#2470=FACE_BOUND('',#2266,.T.);
#2471=FACE_BOUND('',#2267,.T.);
#2472=FACE_BOUND('',#2268,.T.);
#2473=FACE_BOUND('',#2269,.T.);
#2474=FACE_BOUND('',#2270,.T.);
#2475=FACE_BOUND('',#2271,.T.);
#2476=FACE_BOUND('',#2272,.T.);
#2477=FACE_BOUND('',#2273,.T.);
#2478=FACE_BOUND('',#2274,.T.);
#2479=FACE_BOUND('',#2275,.T.);
#2480=FACE_BOUND('',#2276,.T.);
#2481=FACE_BOUND('',#2277,.T.);
#2482=FACE_BOUND('',#2278,.T.);
#2483=FACE_BOUND('',#2279,.T.);
#2484=FACE_BOUND('',#2280,.T.);
#2485=FACE_BOUND('',#2281,.T.);
#2486=FACE_BOUND('',#2282,.T.);
#2487=FACE_BOUND('',#2283,.T.);
#2488=FACE_BOUND('',#2284,.T.);
#2489=FACE_BOUND('',#2285,.T.);
#2490=FACE_BOUND('',#2286,.T.);
#2491=FACE_BOUND('',#2287,.T.);
#2492=FACE_BOUND('',#2288,.T.);
#2493=FACE_BOUND('',#2289,.T.);
#2494=FACE_BOUND('',#2290,.T.);
#2495=FACE_BOUND('',#2291,.T.);
#2496=FACE_BOUND('',#2292,.T.);
#2497=FACE_BOUND('',#2293,.T.);
#2498=FACE_BOUND('',#2294,.T.);
#2499=FACE_BOUND('',#2295,.T.);
#2500=FACE_BOUND('',#2296,.T.);
#2501=FACE_BOUND('',#2297,.T.);
#2502=FACE_BOUND('',#2298,.T.);
#2503=FACE_BOUND('',#2299,.T.);
#2504=FACE_BOUND('',#2300,.T.);
#2505=FACE_BOUND('',#2301,.T.);
#2506=FACE_BOUND('',#2302,.T.);
#2507=FACE_BOUND('',#2303,.T.);
#2508=FACE_BOUND('',#2304,.T.);
#2509=FACE_BOUND('',#2305,.T.);
#2510=FACE_BOUND('',#2306,.T.);
#2511=FACE_BOUND('',#2307,.T.);
#2512=FACE_BOUND('',#2308,.T.);
#2513=FACE_BOUND('',#2309,.T.);
#2514=FACE_BOUND('',#2310,.T.);
#2515=FACE_BOUND('',#2311,.T.);
#2516=FACE_BOUND('',#2312,.T.);
#2517=FACE_BOUND('',#2313,.T.);
#2518=PLANE('',#2797);
#2519=PLANE('',#2808);
#2520=PLANE('',#2819);
#2521=PLANE('',#2820);
#2522=PLANE('',#2822);
#2523=PLANE('',#2824);
#2524=PLANE('',#2825);
#2525=PLANE('',#2826);
#2526=PLANE('',#2827);
#2527=PLANE('',#2828);
#2528=PLANE('',#2829);
#2529=PLANE('',#2830);
#2530=PLANE('',#2831);
#2531=PLANE('',#2832);
#2532=PLANE('',#2834);
#2533=PLANE('',#2836);
#2534=PLANE('',#2837);
#2535=PLANE('',#2838);
#2536=PLANE('',#2839);
#2537=PLANE('',#2840);
#2538=PLANE('',#2844);
#2539=PLANE('',#2845);
#2540=PLANE('',#2846);
#2541=PLANE('',#2847);
#2542=PLANE('',#2848);
#2543=PLANE('',#2852);
#2544=PLANE('',#2853);
#2545=PLANE('',#2854);
#2546=PLANE('',#2855);
#2547=PLANE('',#2856);
#2548=PLANE('',#2857);
#2549=PLANE('',#2861);
#2550=PLANE('',#2862);
#2551=PLANE('',#2863);
#2552=PLANE('',#2864);
#2553=PLANE('',#2865);
#2554=PLANE('',#2866);
#2555=PLANE('',#2870);
#2556=PLANE('',#2871);
#2557=PLANE('',#2874);
#2558=PLANE('',#2877);
#2559=PLANE('',#2880);
#2560=PLANE('',#2883);
#2561=PLANE('',#2884);
#2562=PLANE('',#2885);
#2563=PLANE('',#2886);
#2564=PLANE('',#2887);
#2565=PLANE('',#2888);
#2566=PLANE('',#2889);
#2567=PLANE('',#2890);
#2568=PLANE('',#2891);
#2569=PLANE('',#2892);
#2570=PLANE('',#2893);
#2571=PLANE('',#2894);
#2572=PLANE('',#2895);
#2573=PLANE('',#2896);
#2574=PLANE('',#2897);
#2575=PLANE('',#2898);
#2576=PLANE('',#2899);
#2577=PLANE('',#2900);
#2578=PLANE('',#2901);
#2579=PLANE('',#2907);
#2580=PLANE('',#2908);
#2581=PLANE('',#2909);
#2582=PLANE('',#2910);
#2583=PLANE('',#2911);
#2584=PLANE('',#2913);
#2585=PLANE('',#2914);
#2586=PLANE('',#2915);
#2587=PLANE('',#2917);
#2588=PLANE('',#2918);
#2589=PLANE('',#2919);
#2590=PLANE('',#2920);
#2591=PLANE('',#2921);
#2592=PLANE('',#2922);
#2593=PLANE('',#2923);
#2594=PLANE('',#2924);
#2595=PLANE('',#2925);
#2596=PLANE('',#2926);
#2597=PLANE('',#2927);
#2598=PLANE('',#2928);
#2599=PLANE('',#2929);
#2600=PLANE('',#2930);
#2601=PLANE('',#2931);
#2602=PLANE('',#2932);
#2603=PLANE('',#2933);
#2604=PLANE('',#2934);
#2605=PLANE('',#2935);
#2606=PLANE('',#2936);
#2607=PLANE('',#2937);
#2608=PLANE('',#2938);
#2609=PLANE('',#2940);
#2610=PLANE('',#2942);
#2611=PLANE('',#2943);
#2612=PLANE('',#2944);
#2613=PLANE('',#2945);
#2614=PLANE('',#2946);
#2615=PLANE('',#2947);
#2616=PLANE('',#2948);
#2617=PLANE('',#2949);
#2618=PLANE('',#2950);
#2619=PLANE('',#2951);
#2620=PLANE('',#2952);
#2621=PLANE('',#2953);
#2622=PLANE('',#2954);
#2623=PLANE('',#2955);
#2624=PLANE('',#2956);
#2625=PLANE('',#2957);
#2626=PLANE('',#2958);
#2627=PLANE('',#2959);
#2628=PLANE('',#2960);
#2629=PLANE('',#2961);
#2630=PLANE('',#2962);
#2631=PLANE('',#2963);
#2632=PLANE('',#2964);
#2633=PLANE('',#2965);
#2634=PLANE('',#2966);
#2635=PLANE('',#2967);
#2636=PLANE('',#2968);
#2637=PLANE('',#2969);
#2638=PLANE('',#2970);
#2639=PLANE('',#2971);
#2640=PLANE('',#2972);
#2641=PLANE('',#2973);
#2642=ADVANCED_FACE('',(#2314,#2315,#2316,#2317,#2318,#2319,#2320,#2321,
#2322,#2323,#2324,#2325,#2326,#2327,#2328,#2329,#2330,#2331,#2332,#2333),
#2518,.F.);
#2643=ADVANCED_FACE('',(#2334,#2335,#2336,#2337,#2338,#2339,#2340,#2341,
#2342,#2343,#2344,#2345,#2346,#2347,#2348,#2349,#2350,#2351,#2352,#2353,
#2354,#2355),#2519,.F.);
#2644=ADVANCED_FACE('',(#2356),#2520,.T.);
#2645=ADVANCED_FACE('',(#2357,#2358),#2521,.F.);
#2646=ADVANCED_FACE('',(#2359,#2360),#2522,.F.);
#2647=ADVANCED_FACE('',(#2361),#2523,.T.);
#2648=ADVANCED_FACE('',(#2362),#2524,.F.);
#2649=ADVANCED_FACE('',(#2363),#2525,.F.);
#2650=ADVANCED_FACE('',(#2364),#2526,.F.);
#2651=ADVANCED_FACE('',(#2365),#2527,.T.);
#2652=ADVANCED_FACE('',(#2366),#2528,.F.);
#2653=ADVANCED_FACE('',(#2367),#2529,.F.);
#2654=ADVANCED_FACE('',(#2368),#2530,.F.);
#2655=ADVANCED_FACE('',(#2369,#2370),#2531,.F.);
#2656=ADVANCED_FACE('',(#2371,#2372),#2532,.F.);
#2657=ADVANCED_FACE('',(#2373),#2533,.T.);
#2658=ADVANCED_FACE('',(#2374),#2534,.T.);
#2659=ADVANCED_FACE('',(#2375),#2535,.F.);
#2660=ADVANCED_FACE('',(#2376),#2536,.F.);
#2661=ADVANCED_FACE('',(#2377),#2537,.T.);
#2662=ADVANCED_FACE('',(#2378,#2379),#12,.F.);
#2663=ADVANCED_FACE('',(#2380,#2381),#2538,.T.);
#2664=ADVANCED_FACE('',(#2382),#2539,.F.);
#2665=ADVANCED_FACE('',(#2383),#2540,.F.);
#2666=ADVANCED_FACE('',(#2384),#2541,.F.);
#2667=ADVANCED_FACE('',(#2385),#2542,.T.);
#2668=ADVANCED_FACE('',(#2386,#2387),#13,.F.);
#2669=ADVANCED_FACE('',(#2388,#2389),#2543,.T.);
#2670=ADVANCED_FACE('',(#2390),#2544,.F.);
#2671=ADVANCED_FACE('',(#2391),#2545,.T.);
#2672=ADVANCED_FACE('',(#2392),#2546,.F.);
#2673=ADVANCED_FACE('',(#2393),#2547,.F.);
#2674=ADVANCED_FACE('',(#2394),#2548,.T.);
#2675=ADVANCED_FACE('',(#2395,#2396),#14,.F.);
#2676=ADVANCED_FACE('',(#2397,#2398),#2549,.T.);
#2677=ADVANCED_FACE('',(#2399),#2550,.F.);
#2678=ADVANCED_FACE('',(#2400),#2551,.T.);
#2679=ADVANCED_FACE('',(#2401),#2552,.F.);
#2680=ADVANCED_FACE('',(#2402),#2553,.F.);
#2681=ADVANCED_FACE('',(#2403),#2554,.T.);
#2682=ADVANCED_FACE('',(#2404,#2405),#15,.F.);
#2683=ADVANCED_FACE('',(#2406,#2407),#2555,.T.);
#2684=ADVANCED_FACE('',(#2408),#2556,.F.);
#2685=ADVANCED_FACE('',(#2409,#2410),#16,.F.);
#2686=ADVANCED_FACE('',(#2411),#2557,.T.);
#2687=ADVANCED_FACE('',(#2412,#2413),#17,.F.);
#2688=ADVANCED_FACE('',(#2414),#2558,.T.);
#2689=ADVANCED_FACE('',(#2415,#2416),#18,.F.);
#2690=ADVANCED_FACE('',(#2417),#2559,.T.);
#2691=ADVANCED_FACE('',(#2418,#2419),#19,.F.);
#2692=ADVANCED_FACE('',(#2420),#2560,.T.);
#2693=ADVANCED_FACE('',(#2421),#2561,.T.);
#2694=ADVANCED_FACE('',(#2422),#2562,.T.);
#2695=ADVANCED_FACE('',(#2423),#2563,.F.);
#2696=ADVANCED_FACE('',(#2424),#2564,.F.);
#2697=ADVANCED_FACE('',(#2425),#2565,.T.);
#2698=ADVANCED_FACE('',(#2426),#2566,.T.);
#2699=ADVANCED_FACE('',(#2427),#2567,.F.);
#2700=ADVANCED_FACE('',(#2428),#2568,.F.);
#2701=ADVANCED_FACE('',(#2429),#2569,.T.);
#2702=ADVANCED_FACE('',(#2430),#2570,.F.);
#2703=ADVANCED_FACE('',(#2431),#2571,.F.);
#2704=ADVANCED_FACE('',(#2432),#2572,.T.);
#2705=ADVANCED_FACE('',(#2433),#2573,.T.);
#2706=ADVANCED_FACE('',(#2434),#2574,.T.);
#2707=ADVANCED_FACE('',(#2435),#2575,.F.);
#2708=ADVANCED_FACE('',(#2436),#2576,.T.);
#2709=ADVANCED_FACE('',(#2437),#2577,.T.);
#2710=ADVANCED_FACE('',(#2438),#2578,.F.);
#2711=ADVANCED_FACE('',(#2439,#2440),#20,.F.);
#2712=ADVANCED_FACE('',(#2441,#2442),#21,.F.);
#2713=ADVANCED_FACE('',(#2443,#2444),#22,.F.);
#2714=ADVANCED_FACE('',(#2445,#2446),#23,.F.);
#2715=ADVANCED_FACE('',(#2447,#2448),#24,.F.);
#2716=ADVANCED_FACE('',(#2449),#2579,.F.);
#2717=ADVANCED_FACE('',(#2450),#2580,.F.);
#2718=ADVANCED_FACE('',(#2451),#2581,.F.);
#2719=ADVANCED_FACE('',(#2452),#2582,.F.);
#2720=ADVANCED_FACE('',(#2453),#2583,.T.);
#2721=ADVANCED_FACE('',(#2454),#25,.F.);
#2722=ADVANCED_FACE('',(#2455),#2584,.T.);
#2723=ADVANCED_FACE('',(#2456),#2585,.F.);
#2724=ADVANCED_FACE('',(#2457),#2586,.F.);
#2725=ADVANCED_FACE('',(#2458),#26,.F.);
#2726=ADVANCED_FACE('',(#2459),#2587,.T.);
#2727=ADVANCED_FACE('',(#2460),#2588,.F.);
#2728=ADVANCED_FACE('',(#2461),#2589,.F.);
#2729=ADVANCED_FACE('',(#2462),#2590,.T.);
#2730=ADVANCED_FACE('',(#2463),#2591,.T.);
#2731=ADVANCED_FACE('',(#2464),#2592,.T.);
#2732=ADVANCED_FACE('',(#2465),#2593,.T.);
#2733=ADVANCED_FACE('',(#2466),#2594,.F.);
#2734=ADVANCED_FACE('',(#2467),#2595,.T.);
#2735=ADVANCED_FACE('',(#2468),#2596,.T.);
#2736=ADVANCED_FACE('',(#2469),#2597,.T.);
#2737=ADVANCED_FACE('',(#2470),#2598,.F.);
#2738=ADVANCED_FACE('',(#2471),#2599,.T.);
#2739=ADVANCED_FACE('',(#2472),#2600,.F.);
#2740=ADVANCED_FACE('',(#2473),#2601,.T.);
#2741=ADVANCED_FACE('',(#2474),#2602,.T.);
#2742=ADVANCED_FACE('',(#2475),#2603,.T.);
#2743=ADVANCED_FACE('',(#2476),#2604,.F.);
#2744=ADVANCED_FACE('',(#2477),#2605,.T.);
#2745=ADVANCED_FACE('',(#2478),#2606,.T.);
#2746=ADVANCED_FACE('',(#2479),#2607,.T.);
#2747=ADVANCED_FACE('',(#2480),#2608,.T.);
#2748=ADVANCED_FACE('',(#2481),#27,.F.);
#2749=ADVANCED_FACE('',(#2482),#2609,.F.);
#2750=ADVANCED_FACE('',(#2483),#28,.T.);
#2751=ADVANCED_FACE('',(#2484),#2610,.T.);
#2752=ADVANCED_FACE('',(#2485),#2611,.T.);
#2753=ADVANCED_FACE('',(#2486),#2612,.T.);
#2754=ADVANCED_FACE('',(#2487),#2613,.T.);
#2755=ADVANCED_FACE('',(#2488),#2614,.T.);
#2756=ADVANCED_FACE('',(#2489),#2615,.T.);
#2757=ADVANCED_FACE('',(#2490),#2616,.T.);
#2758=ADVANCED_FACE('',(#2491),#2617,.T.);
#2759=ADVANCED_FACE('',(#2492),#2618,.F.);
#2760=ADVANCED_FACE('',(#2493),#2619,.F.);
#2761=ADVANCED_FACE('',(#2494),#2620,.F.);
#2762=ADVANCED_FACE('',(#2495),#2621,.F.);
#2763=ADVANCED_FACE('',(#2496),#2622,.T.);
#2764=ADVANCED_FACE('',(#2497),#2623,.F.);
#2765=ADVANCED_FACE('',(#2498),#2624,.F.);
#2766=ADVANCED_FACE('',(#2499),#2625,.F.);
#2767=ADVANCED_FACE('',(#2500),#2626,.T.);
#2768=ADVANCED_FACE('',(#2501),#2627,.T.);
#2769=ADVANCED_FACE('',(#2502),#2628,.T.);
#2770=ADVANCED_FACE('',(#2503),#2629,.F.);
#2771=ADVANCED_FACE('',(#2504),#2630,.F.);
#2772=ADVANCED_FACE('',(#2505),#2631,.F.);
#2773=ADVANCED_FACE('',(#2506),#2632,.T.);
#2774=ADVANCED_FACE('',(#2507),#2633,.T.);
#2775=ADVANCED_FACE('',(#2508),#2634,.T.);
#2776=ADVANCED_FACE('',(#2509),#2635,.F.);
#2777=ADVANCED_FACE('',(#2510),#2636,.F.);
#2778=ADVANCED_FACE('',(#2511),#2637,.T.);
#2779=ADVANCED_FACE('',(#2512),#2638,.T.);
#2780=ADVANCED_FACE('',(#2513),#2639,.F.);
#2781=ADVANCED_FACE('',(#2514),#2640,.F.);
#2782=ADVANCED_FACE('',(#2515),#2641,.T.);
#2783=ADVANCED_FACE('',(#2516,#2517),#29,.F.);
#2784=CLOSED_SHELL('',(#2642,#2643,#2644,#2645,#2646,#2647,#2648,#2649,
#2650,#2651,#2652,#2653,#2654,#2655,#2656,#2657,#2658,#2659,#2660,#2661,
#2662,#2663,#2664,#2665,#2666,#2667,#2668,#2669,#2670,#2671,#2672,#2673,
#2674,#2675,#2676,#2677,#2678,#2679,#2680,#2681,#2682,#2683,#2684,#2685,
#2686,#2687,#2688,#2689,#2690,#2691,#2692,#2693,#2694,#2695,#2696,#2697,
#2698,#2699,#2700,#2701,#2702,#2703,#2704,#2705,#2706,#2707,#2708,#2709,
#2710,#2711,#2712,#2713,#2714,#2715,#2716,#2717,#2718,#2719,#2720,#2721,
#2722,#2723,#2724,#2725,#2726,#2727,#2728,#2729,#2730,#2731,#2732,#2733,
#2734,#2735,#2736,#2737,#2738,#2739,#2740,#2741,#2742,#2743,#2744,#2745,
#2746,#2747,#2748,#2749,#2750,#2751,#2752,#2753,#2754,#2755,#2756,#2757,
#2758,#2759,#2760,#2761,#2762,#2763,#2764,#2765,#2766,#2767,#2768,#2769,
#2770,#2771,#2772,#2773,#2774,#2775,#2776,#2777,#2778,#2779,#2780,#2781,
#2782,#2783));
#2785=STYLED_ITEM('',(#2786),#2793);
#2786=PRESENTATION_STYLE_ASSIGNMENT((#2787));
#2787=SURFACE_STYLE_USAGE(.BOTH.,#2788);
#2788=SURFACE_SIDE_STYLE('',(#2789));
#2789=SURFACE_STYLE_FILL_AREA(#2790);
#2790=FILL_AREA_STYLE('',(#2791));
#2791=FILL_AREA_STYLE_COLOUR('',#2792);
#2792=COLOUR_RGB('',0.917647058823529,0.917647058823529,0.917647058823529);
#2793=MANIFOLD_SOLID_BREP('Part 2',#2784);
#2794=SHAPE_DEFINITION_REPRESENTATION(#4446,#2795);
#2795=SHAPE_REPRESENTATION('Part 2',(#2796),#4441);
#2796=AXIS2_PLACEMENT_3D('',#3669,#2975,#2976);
#2797=AXIS2_PLACEMENT_3D('',#3670,#2977,#2978);
#2798=AXIS2_PLACEMENT_3D('',#3671,#2979,#2980);
#2799=AXIS2_PLACEMENT_3D('',#3761,#3025,#3026);
#2800=AXIS2_PLACEMENT_3D('',#3763,#3027,#3028);
#2801=AXIS2_PLACEMENT_3D('',#3765,#3029,#3030);
#2802=AXIS2_PLACEMENT_3D('',#3767,#3031,#3032);
#2803=AXIS2_PLACEMENT_3D('',#3769,#3033,#3034);
#2804=AXIS2_PLACEMENT_3D('',#3782,#3040,#3041);
#2805=AXIS2_PLACEMENT_3D('',#3790,#3045,#3046);
#2806=AXIS2_PLACEMENT_3D('',#3812,#3057,#3058);
#2807=AXIS2_PLACEMENT_3D('',#3816,#3060,#3061);
#2808=AXIS2_PLACEMENT_3D('',#3857,#3082,#3083);
#2809=AXIS2_PLACEMENT_3D('',#3858,#3084,#3085);
#2810=AXIS2_PLACEMENT_3D('',#3980,#3146,#3147);
#2811=AXIS2_PLACEMENT_3D('',#3982,#3148,#3149);
#2812=AXIS2_PLACEMENT_3D('',#3984,#3150,#3151);
#2813=AXIS2_PLACEMENT_3D('',#3986,#3152,#3153);
#2814=AXIS2_PLACEMENT_3D('',#3988,#3154,#3155);
#2815=AXIS2_PLACEMENT_3D('',#4001,#3161,#3162);
#2816=AXIS2_PLACEMENT_3D('',#4009,#3166,#3167);
#2817=AXIS2_PLACEMENT_3D('',#4031,#3178,#3179);
#2818=AXIS2_PLACEMENT_3D('',#4035,#3181,#3182);
#2819=AXIS2_PLACEMENT_3D('',#4076,#3203,#3204);
#2820=AXIS2_PLACEMENT_3D('',#4086,#3210,#3211);
#2821=AXIS2_PLACEMENT_3D('',#4087,#3212,#3213);
#2822=AXIS2_PLACEMENT_3D('',#4097,#3218,#3219);
#2823=AXIS2_PLACEMENT_3D('',#4098,#3220,#3221);
#2824=AXIS2_PLACEMENT_3D('',#4104,#3225,#3226);
#2825=AXIS2_PLACEMENT_3D('',#4109,#3230,#3231);
#2826=AXIS2_PLACEMENT_3D('',#4113,#3234,#3235);
#2827=AXIS2_PLACEMENT_3D('',#4117,#3238,#3239);
#2828=AXIS2_PLACEMENT_3D('',#4121,#3242,#3243);
#2829=AXIS2_PLACEMENT_3D('',#4125,#3246,#3247);
#2830=AXIS2_PLACEMENT_3D('',#4131,#3251,#3252);
#2831=AXIS2_PLACEMENT_3D('',#4133,#3254,#3255);
#2832=AXIS2_PLACEMENT_3D('',#4137,#3258,#3259);
#2833=AXIS2_PLACEMENT_3D('',#4138,#3260,#3261);
#2834=AXIS2_PLACEMENT_3D('',#4143,#3264,#3265);
#2835=AXIS2_PLACEMENT_3D('',#4144,#3266,#3267);
#2836=AXIS2_PLACEMENT_3D('',#4147,#3269,#3270);
#2837=AXIS2_PLACEMENT_3D('',#4148,#3271,#3272);
#2838=AXIS2_PLACEMENT_3D('',#4154,#3276,#3277);
#2839=AXIS2_PLACEMENT_3D('',#4158,#3280,#3281);
#2840=AXIS2_PLACEMENT_3D('',#4162,#3284,#3285);
#2841=AXIS2_PLACEMENT_3D('',#4164,#3287,#3288);
#2842=AXIS2_PLACEMENT_3D('',#4165,#3289,#3290);
#2843=AXIS2_PLACEMENT_3D('',#4167,#3291,#3292);
#2844=AXIS2_PLACEMENT_3D('',#4169,#3293,#3294);
#2845=AXIS2_PLACEMENT_3D('',#4170,#3295,#3296);
#2846=AXIS2_PLACEMENT_3D('',#4171,#3297,#3298);
#2847=AXIS2_PLACEMENT_3D('',#4178,#3303,#3304);
#2848=AXIS2_PLACEMENT_3D('',#4182,#3307,#3308);
#2849=AXIS2_PLACEMENT_3D('',#4184,#3310,#3311);
#2850=AXIS2_PLACEMENT_3D('',#4185,#3312,#3313);
#2851=AXIS2_PLACEMENT_3D('',#4187,#3314,#3315);
#2852=AXIS2_PLACEMENT_3D('',#4189,#3316,#3317);
#2853=AXIS2_PLACEMENT_3D('',#4190,#3318,#3319);
#2854=AXIS2_PLACEMENT_3D('',#4191,#3320,#3321);
#2855=AXIS2_PLACEMENT_3D('',#4197,#3325,#3326);
#2856=AXIS2_PLACEMENT_3D('',#4201,#3329,#3330);
#2857=AXIS2_PLACEMENT_3D('',#4205,#3333,#3334);
#2858=AXIS2_PLACEMENT_3D('',#4207,#3336,#3337);
#2859=AXIS2_PLACEMENT_3D('',#4208,#3338,#3339);
#2860=AXIS2_PLACEMENT_3D('',#4210,#3340,#3341);
#2861=AXIS2_PLACEMENT_3D('',#4212,#3342,#3343);
#2862=AXIS2_PLACEMENT_3D('',#4213,#3344,#3345);
#2863=AXIS2_PLACEMENT_3D('',#4214,#3346,#3347);
#2864=AXIS2_PLACEMENT_3D('',#4224,#3353,#3354);
#2865=AXIS2_PLACEMENT_3D('',#4228,#3357,#3358);
#2866=AXIS2_PLACEMENT_3D('',#4232,#3361,#3362);
#2867=AXIS2_PLACEMENT_3D('',#4237,#3366,#3367);
#2868=AXIS2_PLACEMENT_3D('',#4238,#3368,#3369);
#2869=AXIS2_PLACEMENT_3D('',#4240,#3370,#3371);
#2870=AXIS2_PLACEMENT_3D('',#4242,#3372,#3373);
#2871=AXIS2_PLACEMENT_3D('',#4243,#3374,#3375);
#2872=AXIS2_PLACEMENT_3D('',#4244,#3376,#3377);
#2873=AXIS2_PLACEMENT_3D('',#4245,#3378,#3379);
#2874=AXIS2_PLACEMENT_3D('',#4247,#3380,#3381);
#2875=AXIS2_PLACEMENT_3D('',#4248,#3382,#3383);
#2876=AXIS2_PLACEMENT_3D('',#4249,#3384,#3385);
#2877=AXIS2_PLACEMENT_3D('',#4251,#3386,#3387);
#2878=AXIS2_PLACEMENT_3D('',#4252,#3388,#3389);
#2879=AXIS2_PLACEMENT_3D('',#4253,#3390,#3391);
#2880=AXIS2_PLACEMENT_3D('',#4255,#3392,#3393);
#2881=AXIS2_PLACEMENT_3D('',#4256,#3394,#3395);
#2882=AXIS2_PLACEMENT_3D('',#4257,#3396,#3397);
#2883=AXIS2_PLACEMENT_3D('',#4259,#3398,#3399);
#2884=AXIS2_PLACEMENT_3D('',#4260,#3400,#3401);
#2885=AXIS2_PLACEMENT_3D('',#4263,#3404,#3405);
#2886=AXIS2_PLACEMENT_3D('',#4267,#3408,#3409);
#2887=AXIS2_PLACEMENT_3D('',#4271,#3412,#3413);
#2888=AXIS2_PLACEMENT_3D('',#4274,#3416,#3417);
#2889=AXIS2_PLACEMENT_3D('',#4275,#3418,#3419);
#2890=AXIS2_PLACEMENT_3D('',#4276,#3420,#3421);
#2891=AXIS2_PLACEMENT_3D('',#4279,#3424,#3425);
#2892=AXIS2_PLACEMENT_3D('',#4281,#3427,#3428);
#2893=AXIS2_PLACEMENT_3D('',#4283,#3430,#3431);
#2894=AXIS2_PLACEMENT_3D('',#4285,#3433,#3434);
#2895=AXIS2_PLACEMENT_3D('',#4287,#3436,#3437);
#2896=AXIS2_PLACEMENT_3D('',#4289,#3439,#3440);
#2897=AXIS2_PLACEMENT_3D('',#4291,#3442,#3443);
#2898=AXIS2_PLACEMENT_3D('',#4293,#3445,#3446);
#2899=AXIS2_PLACEMENT_3D('',#4295,#3448,#3449);
#2900=AXIS2_PLACEMENT_3D('',#4297,#3451,#3452);
#2901=AXIS2_PLACEMENT_3D('',#4299,#3454,#3455);
#2902=AXIS2_PLACEMENT_3D('',#4300,#3456,#3457);
#2903=AXIS2_PLACEMENT_3D('',#4301,#3458,#3459);
#2904=AXIS2_PLACEMENT_3D('',#4302,#3460,#3461);
#2905=AXIS2_PLACEMENT_3D('',#4303,#3462,#3463);
#2906=AXIS2_PLACEMENT_3D('',#4304,#3464,#3465);
#2907=AXIS2_PLACEMENT_3D('',#4305,#3466,#3467);
#2908=AXIS2_PLACEMENT_3D('',#4308,#3470,#3471);
#2909=AXIS2_PLACEMENT_3D('',#4310,#3473,#3474);
#2910=AXIS2_PLACEMENT_3D('',#4312,#3476,#3477);
#2911=AXIS2_PLACEMENT_3D('',#4313,#3478,#3479);
#2912=AXIS2_PLACEMENT_3D('',#4316,#3482,#3483);
#2913=AXIS2_PLACEMENT_3D('',#4318,#3485,#3486);
#2914=AXIS2_PLACEMENT_3D('',#4320,#3488,#3489);
#2915=AXIS2_PLACEMENT_3D('',#4322,#3491,#3492);
#2916=AXIS2_PLACEMENT_3D('',#4324,#3494,#3495);
#2917=AXIS2_PLACEMENT_3D('',#4325,#3496,#3497);
#2918=AXIS2_PLACEMENT_3D('',#4328,#3500,#3501);
#2919=AXIS2_PLACEMENT_3D('',#4330,#3503,#3504);
#2920=AXIS2_PLACEMENT_3D('',#4331,#3505,#3506);
#2921=AXIS2_PLACEMENT_3D('',#4334,#3509,#3510);
#2922=AXIS2_PLACEMENT_3D('',#4336,#3512,#3513);
#2923=AXIS2_PLACEMENT_3D('',#4338,#3515,#3516);
#2924=AXIS2_PLACEMENT_3D('',#4340,#3518,#3519);
#2925=AXIS2_PLACEMENT_3D('',#4342,#3521,#3522);
#2926=AXIS2_PLACEMENT_3D('',#4344,#3524,#3525);
#2927=AXIS2_PLACEMENT_3D('',#4346,#3527,#3528);
#2928=AXIS2_PLACEMENT_3D('',#4348,#3530,#3531);
#2929=AXIS2_PLACEMENT_3D('',#4349,#3532,#3533);
#2930=AXIS2_PLACEMENT_3D('',#4352,#3536,#3537);
#2931=AXIS2_PLACEMENT_3D('',#4354,#3539,#3540);
#2932=AXIS2_PLACEMENT_3D('',#4356,#3542,#3543);
#2933=AXIS2_PLACEMENT_3D('',#4358,#3545,#3546);
#2934=AXIS2_PLACEMENT_3D('',#4360,#3548,#3549);
#2935=AXIS2_PLACEMENT_3D('',#4362,#3551,#3552);
#2936=AXIS2_PLACEMENT_3D('',#4364,#3554,#3555);
#2937=AXIS2_PLACEMENT_3D('',#4366,#3557,#3558);
#2938=AXIS2_PLACEMENT_3D('',#4367,#3559,#3560);
#2939=AXIS2_PLACEMENT_3D('',#4370,#3563,#3564);
#2940=AXIS2_PLACEMENT_3D('',#4372,#3566,#3567);
#2941=AXIS2_PLACEMENT_3D('',#4374,#3569,#3570);
#2942=AXIS2_PLACEMENT_3D('',#4375,#3571,#3572);
#2943=AXIS2_PLACEMENT_3D('',#4378,#3575,#3576);
#2944=AXIS2_PLACEMENT_3D('',#4380,#3578,#3579);
#2945=AXIS2_PLACEMENT_3D('',#4382,#3581,#3582);
#2946=AXIS2_PLACEMENT_3D('',#4384,#3584,#3585);
#2947=AXIS2_PLACEMENT_3D('',#4386,#3587,#3588);
#2948=AXIS2_PLACEMENT_3D('',#4388,#3590,#3591);
#2949=AXIS2_PLACEMENT_3D('',#4390,#3593,#3594);
#2950=AXIS2_PLACEMENT_3D('',#4391,#3595,#3596);
#2951=AXIS2_PLACEMENT_3D('',#4394,#3599,#3600);
#2952=AXIS2_PLACEMENT_3D('',#4396,#3602,#3603);
#2953=AXIS2_PLACEMENT_3D('',#4398,#3605,#3606);
#2954=AXIS2_PLACEMENT_3D('',#4399,#3607,#3608);
#2955=AXIS2_PLACEMENT_3D('',#4402,#3611,#3612);
#2956=AXIS2_PLACEMENT_3D('',#4404,#3614,#3615);
#2957=AXIS2_PLACEMENT_3D('',#4406,#3617,#3618);
#2958=AXIS2_PLACEMENT_3D('',#4408,#3620,#3621);
#2959=AXIS2_PLACEMENT_3D('',#4410,#3623,#3624);
#2960=AXIS2_PLACEMENT_3D('',#4412,#3626,#3627);
#2961=AXIS2_PLACEMENT_3D('',#4414,#3629,#3630);
#2962=AXIS2_PLACEMENT_3D('',#4416,#3632,#3633);
#2963=AXIS2_PLACEMENT_3D('',#4418,#3635,#3636);
#2964=AXIS2_PLACEMENT_3D('',#4420,#3638,#3639);
#2965=AXIS2_PLACEMENT_3D('',#4422,#3641,#3642);
#2966=AXIS2_PLACEMENT_3D('',#4423,#3643,#3644);
#2967=AXIS2_PLACEMENT_3D('',#4426,#3647,#3648);
#2968=AXIS2_PLACEMENT_3D('',#4428,#3650,#3651);
#2969=AXIS2_PLACEMENT_3D('',#4430,#3653,#3654);
#2970=AXIS2_PLACEMENT_3D('',#4431,#3655,#3656);
#2971=AXIS2_PLACEMENT_3D('',#4434,#3659,#3660);
#2972=AXIS2_PLACEMENT_3D('',#4436,#3662,#3663);
#2973=AXIS2_PLACEMENT_3D('',#4438,#3665,#3666);
#2974=AXIS2_PLACEMENT_3D('',#4439,#3667,#3668);
#2975=DIRECTION('',(0.,0.,1.));
#2976=DIRECTION('',(1.,0.,0.));
#2977=DIRECTION('',(0.,-1.,1.85870646852098E-12));
#2978=DIRECTION('',(0.,-1.85870646852098E-12,-1.));
#2979=DIRECTION('',(0.,1.,-1.85870646852098E-12));
#2980=DIRECTION('',(0.,1.85870646852098E-12,1.));
#2981=DIRECTION('',(-1.,0.,0.));
#2982=DIRECTION('',(0.,-1.85870646852098E-12,-1.));
#2983=DIRECTION('',(-1.,0.,0.));
#2984=DIRECTION('',(0.,-1.85870646852098E-12,-1.));
#2985=DIRECTION('',(-1.,0.,0.));
#2986=DIRECTION('',(-0.792984471977898,-1.13240176048777E-12,-0.609241846233444));
#2987=DIRECTION('',(-0.609241846233443,1.47392536750202E-12,0.792984471977899));
#2988=DIRECTION('',(-1.,3.52713688300999E-27,1.89762985320464E-15));
#2989=DIRECTION('',(0.6324885904663,-1.43969766704286E-12,-0.774569675968504));
#2990=DIRECTION('',(1.,0.,0.));
#2991=DIRECTION('',(-0.592769487039458,1.49695046543584E-12,0.805372171877684));
#2992=DIRECTION('',(0.794141487569548,1.12959710291427E-12,0.607732916436839));
#2993=DIRECTION('',(-1.,0.,0.));
#2994=DIRECTION('',(-0.327690287848647,-1.75607836369538E-12,-0.944785200587769));
#2995=DIRECTION('',(1.,0.,0.));
#2996=DIRECTION('',(0.259127723622041,1.79521874926037E-12,0.965843063261552));
#2997=DIRECTION('',(-0.781810759167173,-1.15893282683816E-12,-0.623515787170179));
#2998=DIRECTION('',(-1.,0.,0.));
#2999=DIRECTION('',(0.,1.85870646852098E-12,1.));
#3000=DIRECTION('',(1.,0.,0.));
#3001=DIRECTION('',(0.,-1.85870646852098E-12,-1.));
#3002=DIRECTION('',(1.,0.,0.));
#3003=DIRECTION('',(0.779171658140715,-1.1650569150938E-12,-0.626810599104904));
#3004=DIRECTION('',(0.769196939689762,1.1877353478438E-12,0.639011790166585));
#3005=DIRECTION('',(-1.,0.,0.));
#3006=DIRECTION('',(0.,-1.85870646852098E-12,-1.));
#3007=DIRECTION('',(-1.,0.,0.));
#3008=DIRECTION('',(0.,-1.85870646852098E-12,-1.));
#3009=DIRECTION('',(0.,1.85870646852098E-12,1.));
#3010=DIRECTION('',(-1.,0.,0.));
#3011=DIRECTION('',(0.,1.85870646852098E-12,1.));
#3012=DIRECTION('',(-1.,0.,0.));
#3013=DIRECTION('',(0.,-1.85870646852098E-12,-1.));
#3014=DIRECTION('',(-1.,0.,0.));
#3015=DIRECTION('',(0.,-1.85870646852098E-12,-1.));
#3016=DIRECTION('',(-1.,0.,0.));
#3017=DIRECTION('',(0.,-1.85870646852098E-12,-1.));
#3018=DIRECTION('',(-1.,0.,0.));
#3019=DIRECTION('',(0.,-1.85870646852098E-12,-1.));
#3020=DIRECTION('',(-1.,0.,0.));
#3021=DIRECTION('',(0.,-1.85870646852098E-12,-1.));
#3022=DIRECTION('',(-1.,0.,0.));
#3023=DIRECTION('',(0.,-1.85870646852098E-12,-1.));
#3024=DIRECTION('',(-1.,0.,0.));
#3025=DIRECTION('',(0.,1.,-1.85870646852098E-12));
#3026=DIRECTION('',(0.,1.85870646852098E-12,1.));
#3027=DIRECTION('',(0.,1.,-1.85870646852098E-12));
#3028=DIRECTION('',(0.,1.85870646852098E-12,1.));
#3029=DIRECTION('',(0.,1.,-1.85870646852098E-12));
#3030=DIRECTION('',(0.,1.85870646852098E-12,1.));
#3031=DIRECTION('',(0.,1.,-1.85870646852098E-12));
#3032=DIRECTION('',(0.,1.85870646852098E-12,1.));
#3033=DIRECTION('',(0.,1.,-1.85870646852098E-12));
#3034=DIRECTION('',(0.,1.85870646852098E-12,1.));
#3035=DIRECTION('',(0.,-1.85870646852098E-12,-1.));
#3036=DIRECTION('',(1.,0.,0.));
#3037=DIRECTION('',(0.,1.85870646852098E-12,1.));
#3038=DIRECTION('',(-1.,0.,0.));
#3039=DIRECTION('',(0.196116255646677,1.82261160001539E-12,0.980580651589214));
#3040=DIRECTION('',(0.,1.,-1.85870646852098E-12));
#3041=DIRECTION('',(0.,1.85870646852098E-12,1.));
#3042=DIRECTION('',(0.204308252851525,1.81950003547251E-12,0.978906603214401));
#3043=DIRECTION('',(0.212115204190074,1.81641098480439E-12,0.977244667497042));
#3044=DIRECTION('',(-0.166397508998544,-1.83279378690767E-12,-0.986058755348321));
#3045=DIRECTION('',(0.,1.,-1.85870646852098E-12));
#3046=DIRECTION('',(0.,1.85870646852098E-12,1.));
#3047=DIRECTION('',(-1.,0.,0.));
#3048=DIRECTION('',(0.,1.85870646852098E-12,1.));
#3049=DIRECTION('',(1.,0.,0.));
#3050=DIRECTION('',(0.316230689835933,-1.76332197114785E-12,-0.948682323439143));
#3051=DIRECTION('',(-1.,0.,0.));
#3052=DIRECTION('',(-0.757341029329594,1.21377170806755E-12,0.653019574969994));
#3053=DIRECTION('',(0.428086439262906,-1.67978328377601E-12,-0.903737794119072));
#3054=DIRECTION('',(0.99999535498159,-5.66524927218999E-15,-0.00304795263164816));
#3055=DIRECTION('',(-0.45556396939193,1.65462616687544E-12,0.890203049754307));
#3056=DIRECTION('',(0.16993780660552,1.83167119143119E-12,0.985454789366871));
#3057=DIRECTION('',(0.,1.,-1.85870646852098E-12));
#3058=DIRECTION('',(0.,1.85870646852098E-12,1.));
#3059=DIRECTION('',(-0.240867500242946,-1.80398244795981E-12,-0.970558008223473));
#3060=DIRECTION('',(0.,1.,-1.85870646852098E-12));
#3061=DIRECTION('',(0.,1.85870646852098E-12,1.));
#3062=DIRECTION('',(0.,-1.85870646852098E-12,-1.));
#3063=DIRECTION('',(0.999791835153337,3.79233680771471E-14,0.0204030968414952));
#3064=DIRECTION('',(0.,1.85870646852098E-12,1.));
#3065=DIRECTION('',(-1.,0.,0.));
#3066=DIRECTION('',(0.686874384075747,-1.3508635417747E-12,-0.726776155704467));
#3067=DIRECTION('',(1.,0.,0.));
#3068=DIRECTION('',(-0.68141849229871,1.36037612618842E-12,0.73189400759492));
#3069=DIRECTION('',(-0.679690476008295,-1.36335942948793E-12,-0.733499050322233));
#3070=DIRECTION('',(1.,0.,0.));
#3071=DIRECTION('',(0.690006711673385,1.3453372603026E-12,0.723802968939533));
#3072=DIRECTION('',(-0.681418492298709,1.36037612618842E-12,0.731894007594921));
#3073=DIRECTION('',(-1.,0.,0.));
#3074=DIRECTION('',(0.686874384075747,-1.3508635417747E-12,-0.726776155704467));
#3075=DIRECTION('',(0.690006711673385,1.3453372603026E-12,0.723802968939533));
#3076=DIRECTION('',(-1.,0.,0.));
#3077=DIRECTION('',(-0.679690476008295,-1.36335942948793E-12,-0.733499050322233));
#3078=DIRECTION('',(-1.,0.,0.));
#3079=DIRECTION('',(0.,-1.85870646852098E-12,-1.));
#3080=DIRECTION('',(-1.,0.,0.));
#3081=DIRECTION('',(0.,-1.85870646852098E-12,-1.));
#3082=DIRECTION('',(0.,0.999999961927977,0.00027594210383886));
#3083=DIRECTION('',(0.,-0.00027594210383886,0.999999961927977));
#3084=DIRECTION('',(0.,0.999999961927977,0.00027594210383886));
#3085=DIRECTION('',(0.,0.00027594210383886,-0.999999961927977));
#3086=DIRECTION('',(-1.,0.,0.));
#3087=DIRECTION('',(0.,0.00027594210383886,-0.999999961927977));
#3088=DIRECTION('',(-1.,0.,0.));
#3089=DIRECTION('',(0.,0.00027594210383886,-0.999999961927977));
#3090=DIRECTION('',(-1.,0.,0.));
#3091=DIRECTION('',(0.794141476402731,-0.000167699103560251,0.607732907891206));
#3092=DIRECTION('',(-0.592769472401347,-0.000222236094454182,0.805372151989469));
#3093=DIRECTION('',(1.,0.,0.));
#3094=DIRECTION('',(0.632488576019234,0.000213736389211824,-0.774569658276076));
#3095=DIRECTION('',(-1.,-5.23635993936597E-19,1.89762985320464E-15));
#3096=DIRECTION('',(-0.609241831647817,-0.000218817806601332,0.792984452993361));
#3097=DIRECTION('',(-0.792984460771911,0.000168115480821116,-0.609241837623999));
#3098=DIRECTION('',(-1.,0.,0.));
#3099=DIRECTION('',(0.,0.00027594210383886,-0.999999961927977));
#3100=DIRECTION('',(1.,0.,0.));
#3101=DIRECTION('',(0.,-0.00027594210383886,0.999999961927977));
#3102=DIRECTION('',(-1.,0.,0.));
#3103=DIRECTION('',(-0.78181074759533,0.000172054262092303,-0.623515777941314));
#3104=DIRECTION('',(0.259127714418966,-0.000266516767535893,0.965843028959062));
#3105=DIRECTION('',(1.,0.,0.));
#3106=DIRECTION('',(-0.327690276712481,0.000260706016991829,-0.944785168480364));
#3107=DIRECTION('',(1.,0.,0.));
#3108=DIRECTION('',(0.769196927731688,-0.000176330261728391,0.639011780232393));
#3109=DIRECTION('',(0.779171646485728,0.000172963439423354,-0.626810589728961));
#3110=DIRECTION('',(1.,0.,0.));
#3111=DIRECTION('',(0.,0.00027594210383886,-0.999999961927977));
#3112=DIRECTION('',(1.,0.,0.));
#3113=DIRECTION('',(0.,-0.00027594210383886,0.999999961927977));
#3114=DIRECTION('',(1.,0.,0.));
#3115=DIRECTION('',(0.,-0.00027594210383886,0.999999961927977));
#3116=DIRECTION('',(-1.,0.,0.));
#3117=DIRECTION('',(0.,0.00027594210383886,-0.999999961927977));
#3118=DIRECTION('',(-1.,0.,0.));
#3119=DIRECTION('',(0.,-0.00027594210383886,0.999999961927977));
#3120=DIRECTION('',(1.,0.,0.));
#3121=DIRECTION('',(0.,-0.00027594210383886,0.999999961927977));
#3122=DIRECTION('',(1.,0.,0.));
#3123=DIRECTION('',(0.,-0.00027594210383886,0.999999961927977));
#3124=DIRECTION('',(1.,0.,0.));
#3125=DIRECTION('',(0.,-0.00027594210383886,0.999999961927977));
#3126=DIRECTION('',(1.,0.,0.));
#3127=DIRECTION('',(0.,-0.00027594210383886,0.999999961927977));
#3128=DIRECTION('',(1.,0.,0.));
#3129=DIRECTION('',(0.,-0.00027594210383886,0.999999961927977));
#3130=DIRECTION('',(0.,0.00027594210383886,-0.999999961927977));
#3131=DIRECTION('',(-1.,0.,0.));
#3132=DIRECTION('',(0.,0.00027594210383886,-0.999999961927977));
#3133=DIRECTION('',(-1.,0.,0.));
#3134=DIRECTION('',(0.,0.00027594210383886,-0.999999961927977));
#3135=DIRECTION('',(-1.,0.,0.));
#3136=DIRECTION('',(0.,0.00027594210383886,-0.999999961927977));
#3137=DIRECTION('',(-1.,0.,0.));
#3138=DIRECTION('',(0.,0.00027594210383886,-0.999999961927977));
#3139=DIRECTION('',(-1.,0.,0.));
#3140=DIRECTION('',(0.,0.00027594210383886,-0.999999961927977));
#3141=DIRECTION('',(-1.,0.,0.));
#3142=DIRECTION('',(0.,0.00027594210383886,-0.999999961927977));
#3143=DIRECTION('',(-1.,0.,0.));
#3144=DIRECTION('',(0.,0.00027594210383886,-0.999999961927977));
#3145=DIRECTION('',(-1.,0.,0.));
#3146=DIRECTION('',(0.,0.999999961927977,0.00027594210383886));
#3147=DIRECTION('',(0.,0.00027594210383886,-0.999999961927977));
#3148=DIRECTION('',(0.,0.999999961927977,0.00027594210383886));
#3149=DIRECTION('',(0.,0.00027594210383886,-0.999999961927977));
#3150=DIRECTION('',(0.,0.999999961927977,0.00027594210383886));
#3151=DIRECTION('',(0.,0.00027594210383886,-0.999999961927977));
#3152=DIRECTION('',(0.,0.999999961927977,0.00027594210383886));
#3153=DIRECTION('',(0.,0.00027594210383886,-0.999999961927977));
#3154=DIRECTION('',(0.,0.999999961927977,0.00027594210383886));
#3155=DIRECTION('',(0.,0.00027594210383886,-0.999999961927977));
#3156=DIRECTION('',(0.,-0.00027594210383886,0.999999961927977));
#3157=DIRECTION('',(1.,0.,0.));
#3158=DIRECTION('',(0.,0.00027594210383886,-0.999999961927977));
#3159=DIRECTION('',(-1.,0.,0.));
#3160=DIRECTION('',(0.196116248467309,-0.000270583488379426,0.980580615692399));
#3161=DIRECTION('',(0.,0.999999961927977,0.00027594210383886));
#3162=DIRECTION('',(0.,0.00027594210383886,-0.999999961927977));
#3163=DIRECTION('',(-0.166397502838861,0.000272095127746371,-0.986058718846516));
#3164=DIRECTION('',(0.212115196477765,-0.000269662949976365,0.97724463196535));
#3165=DIRECTION('',(0.204308245397783,-0.00027012154798201,0.978906567501122));
#3166=DIRECTION('',(0.,0.999999961927977,0.00027594210383886));
#3167=DIRECTION('',(0.,0.00027594210383886,-0.999999961927977));
#3168=DIRECTION('',(-1.,0.,0.));
#3169=DIRECTION('',(-0.455563955647286,-0.000245644504333911,0.890203022896336));
#3170=DIRECTION('',(0.999995354981236,8.41058493598685E-7,-0.00304795263164708));
#3171=DIRECTION('',(0.428086425951549,0.000249379309967827,-0.903737766017327));
#3172=DIRECTION('',(-0.75734101703399,-0.000180195599300073,0.653019564368073));
#3173=DIRECTION('',(-1.,0.,0.));
#3174=DIRECTION('',(0.316230679000367,0.000261781397201208,-0.948682290932779));
#3175=DIRECTION('',(1.,0.,0.));
#3176=DIRECTION('',(0.,-0.00027594210383886,0.999999961927977));
#3177=DIRECTION('',(0.169937800322487,-0.000271928468114954,0.985454752932098));
#3178=DIRECTION('',(0.,0.999999961927977,0.00027594210383886));
#3179=DIRECTION('',(0.,0.00027594210383886,-0.999999961927977));
#3180=DIRECTION('',(-0.240867491604668,0.000267817819278403,-0.970557973416164));
#3181=DIRECTION('',(0.,0.999999961927977,0.00027594210383886));
#3182=DIRECTION('',(0.,0.00027594210383886,-0.999999961927977));
#3183=DIRECTION('',(0.,-0.00027594210383886,0.999999961927977));
#3184=DIRECTION('',(0.999791835137491,-5.63007368152925E-6,0.0204030968411718));
#3185=DIRECTION('',(0.,0.00027594210383886,-0.999999961927977));
#3186=DIRECTION('',(-1.,0.,0.));
#3187=DIRECTION('',(0.686874370262855,0.000200548145027304,-0.726776141089159));
#3188=DIRECTION('',(-0.679690462085825,0.000202403274669689,-0.733499035297574));
#3189=DIRECTION('',(-1.,0.,0.));
#3190=DIRECTION('',(0.6900066979108,-0.000199727717634341,0.723802954502862));
#3191=DIRECTION('',(0.686874370262855,0.000200548145027304,-0.726776141089159));
#3192=DIRECTION('',(-1.,0.,0.));
#3193=DIRECTION('',(-0.681418478401862,-0.000201960375813058,0.731893992668677));
#3194=DIRECTION('',(0.6900066979108,-0.000199727717634341,0.723802954502862));
#3195=DIRECTION('',(1.,0.,0.));
#3196=DIRECTION('',(-0.679690462085826,0.000202403274669689,-0.733499035297574));
#3197=DIRECTION('',(-0.681418478401863,-0.000201960375813058,0.731893992668676));
#3198=DIRECTION('',(1.,0.,0.));
#3199=DIRECTION('',(-1.,0.,0.));
#3200=DIRECTION('',(0.,0.00027594210383886,-0.999999961927977));
#3201=DIRECTION('',(-1.,0.,0.));
#3202=DIRECTION('',(0.,0.00027594210383886,-0.999999961927977));
#3203=DIRECTION('',(-1.,0.,0.));
#3204=DIRECTION('',(0.,0.,1.));
#3205=DIRECTION('',(0.,-1.,1.85870646852098E-12));
#3206=DIRECTION('',(0.,-1.85870646852098E-12,-1.));
#3207=DIRECTION('',(0.,1.,0.));
#3208=DIRECTION('',(0.,0.,1.));
#3209=DIRECTION('',(0.,1.,0.));
#3210=DIRECTION('',(0.,0.86376397221187,-0.503896616687165));
#3211=DIRECTION('',(0.,0.503896616687165,0.86376397221187));
#3212=DIRECTION('',(0.,0.86376397221187,-0.503896616687165));
#3213=DIRECTION('',(0.,0.503896616687165,0.86376397221187));
#3214=DIRECTION('',(0.,-0.503896616687165,-0.86376397221187));
#3215=DIRECTION('',(-1.,0.,0.));
#3216=DIRECTION('',(0.,-0.503896616687165,-0.86376397221187));
#3217=DIRECTION('',(-1.,0.,0.));
#3218=DIRECTION('',(0.,0.,-1.));
#3219=DIRECTION('',(-1.,0.,0.));
#3220=DIRECTION('',(0.,0.,-1.));
#3221=DIRECTION('',(0.,-1.,0.));
#3222=DIRECTION('',(0.,-1.,0.));
#3223=DIRECTION('',(0.,-1.,0.));
#3224=DIRECTION('',(-1.,0.,0.));
#3225=DIRECTION('',(1.,0.,0.));
#3226=DIRECTION('',(0.,1.,0.));
#3227=DIRECTION('',(0.,-0.505510872184891,-0.862820235102811));
#3228=DIRECTION('',(0.,1.,-6.33076499392612E-18));
#3229=DIRECTION('',(0.,-0.999999961927977,-0.00027594210384178));
#3230=DIRECTION('',(1.,0.,0.));
#3231=DIRECTION('',(0.,1.,0.));
#3232=DIRECTION('',(0.,-1.,0.));
#3233=DIRECTION('',(0.,0.999999966149545,0.000260193983383446));
#3234=DIRECTION('',(0.,0.00027594210384178,-0.999999961927977));
#3235=DIRECTION('',(0.,0.999999961927977,0.00027594210384178));
#3236=DIRECTION('',(0.,-0.999999961927977,-0.00027594210384178));
#3237=DIRECTION('',(-1.,0.,0.));
#3238=DIRECTION('',(0.,0.,-1.));
#3239=DIRECTION('',(-1.,0.,0.));
#3240=DIRECTION('',(0.,-1.,0.));
#3241=DIRECTION('',(-1.,0.,0.));
#3242=DIRECTION('',(0.,-0.000260193983383446,0.999999966149545));
#3243=DIRECTION('',(0.,-0.999999966149545,-0.000260193983383446));
#3244=DIRECTION('',(-1.,0.,0.));
#3245=DIRECTION('',(0.,0.999999966149545,0.000260193983383446));
#3246=DIRECTION('',(0.,0.862820235102811,-0.505510872184891));
#3247=DIRECTION('',(0.,0.505510872184891,0.862820235102811));
#3248=DIRECTION('',(0.,-0.505510872184891,-0.862820235102811));
#3249=DIRECTION('',(-1.,0.,0.));
#3250=DIRECTION('',(-1.,0.,0.));
#3251=DIRECTION('',(0.,6.33076499392612E-18,1.));
#3252=DIRECTION('',(0.,-1.,6.33076499392612E-18));
#3253=DIRECTION('',(0.,1.,-6.33076499392612E-18));
#3254=DIRECTION('',(1.,0.,0.));
#3255=DIRECTION('',(0.,1.,0.));
#3256=DIRECTION('',(0.,-0.503896616687165,-0.86376397221187));
#3257=DIRECTION('',(0.,-1.,0.));
#3258=DIRECTION('',(0.,0.86376397221187,-0.503896616687165));
#3259=DIRECTION('',(0.,0.503896616687165,0.86376397221187));
#3260=DIRECTION('',(0.,0.86376397221187,-0.503896616687165));
#3261=DIRECTION('',(0.,0.503896616687165,0.86376397221187));
#3262=DIRECTION('',(0.,-0.503896616687165,-0.86376397221187));
#3263=DIRECTION('',(-1.,0.,0.));
#3264=DIRECTION('',(0.,0.,-1.));
#3265=DIRECTION('',(-1.,0.,0.));
#3266=DIRECTION('',(0.,0.,-1.));
#3267=DIRECTION('',(0.,-1.,0.));
#3268=DIRECTION('',(0.,-1.,0.));
#3269=DIRECTION('',(1.,0.,0.));
#3270=DIRECTION('',(0.,1.,0.));
#3271=DIRECTION('',(-1.,0.,0.));
#3272=DIRECTION('',(0.,0.,1.));
#3273=DIRECTION('',(0.,1.,0.));
#3274=DIRECTION('',(0.,0.,1.));
#3275=DIRECTION('',(0.,1.,0.));
#3276=DIRECTION('',(0.,0.,1.));
#3277=DIRECTION('',(1.,0.,0.));
#3278=DIRECTION('',(0.,1.,0.));
#3279=DIRECTION('',(1.,0.,0.));
#3280=DIRECTION('',(-1.,0.,0.));
#3281=DIRECTION('',(0.,0.,1.));
#3282=DIRECTION('',(0.,1.,0.));
#3283=DIRECTION('',(0.,0.,1.));
#3284=DIRECTION('',(0.,0.,1.));
#3285=DIRECTION('',(1.,0.,0.));
#3286=DIRECTION('',(1.,0.,0.));
#3287=DIRECTION('',(0.,1.,0.));
#3288=DIRECTION('',(0.,0.,1.));
#3289=DIRECTION('',(0.,-1.,0.));
#3290=DIRECTION('',(0.,0.,-1.));
#3291=DIRECTION('',(0.,0.999999961927977,0.00027594210383886));
#3292=DIRECTION('',(0.,0.00027594210383886,-0.999999961927977));
#3293=DIRECTION('',(0.,-1.,0.));
#3294=DIRECTION('',(1.,0.,0.));
#3295=DIRECTION('',(0.,0.999999961927977,0.00027594210383886));
#3296=DIRECTION('',(0.,-0.00027594210383886,0.999999961927977));
#3297=DIRECTION('',(0.,0.,1.));
#3298=DIRECTION('',(1.,0.,0.));
#3299=DIRECTION('',(-1.,0.,0.));
#3300=DIRECTION('',(0.,1.,0.));
#3301=DIRECTION('',(0.,1.,0.));
#3302=DIRECTION('',(1.,0.,0.));
#3303=DIRECTION('',(-1.,0.,0.));
#3304=DIRECTION('',(0.,0.,1.));
#3305=DIRECTION('',(0.,1.,0.));
#3306=DIRECTION('',(0.,0.,1.));
#3307=DIRECTION('',(0.,0.,1.));
#3308=DIRECTION('',(1.,0.,0.));
#3309=DIRECTION('',(1.,0.,0.));
#3310=DIRECTION('',(0.,1.,0.));
#3311=DIRECTION('',(0.,0.,1.));
#3312=DIRECTION('',(0.,-1.,0.));
#3313=DIRECTION('',(0.,0.,-1.));
#3314=DIRECTION('',(0.,0.999999961927977,0.00027594210383886));
#3315=DIRECTION('',(0.,0.00027594210383886,-0.999999961927977));
#3316=DIRECTION('',(0.,-1.,0.));
#3317=DIRECTION('',(1.,0.,0.));
#3318=DIRECTION('',(0.,0.999999961927977,0.00027594210383886));
#3319=DIRECTION('',(0.,-0.00027594210383886,0.999999961927977));
#3320=DIRECTION('',(-1.,0.,0.));
#3321=DIRECTION('',(0.,0.,1.));
#3322=DIRECTION('',(0.,1.,0.));
#3323=DIRECTION('',(0.,0.,1.));
#3324=DIRECTION('',(0.,1.,0.));
#3325=DIRECTION('',(0.,0.,1.));
#3326=DIRECTION('',(1.,0.,0.));
#3327=DIRECTION('',(0.,1.,0.));
#3328=DIRECTION('',(1.,0.,0.));
#3329=DIRECTION('',(-1.,0.,0.));
#3330=DIRECTION('',(0.,0.,1.));
#3331=DIRECTION('',(0.,1.,0.));
#3332=DIRECTION('',(0.,0.,1.));
#3333=DIRECTION('',(0.,0.,1.));
#3334=DIRECTION('',(1.,0.,0.));
#3335=DIRECTION('',(1.,0.,0.));
#3336=DIRECTION('',(0.,1.,0.));
#3337=DIRECTION('',(0.,0.,1.));
#3338=DIRECTION('',(0.,-1.,0.));
#3339=DIRECTION('',(0.,0.,-1.));
#3340=DIRECTION('',(0.,0.999999961927977,0.00027594210383886));
#3341=DIRECTION('',(0.,0.00027594210383886,-0.999999961927977));
#3342=DIRECTION('',(0.,-1.,0.));
#3343=DIRECTION('',(1.,0.,0.));
#3344=DIRECTION('',(0.,0.999999961927977,0.00027594210383886));
#3345=DIRECTION('',(0.,-0.00027594210383886,0.999999961927977));
#3346=DIRECTION('',(-1.,0.,0.));
#3347=DIRECTION('',(0.,0.,1.));
#3348=DIRECTION('',(0.,-1.,1.85870646852098E-12));
#3349=DIRECTION('',(0.,1.,0.));
#3350=DIRECTION('',(0.,0.,1.));
#3351=DIRECTION('',(0.,1.,0.));
#3352=DIRECTION('',(0.,-1.85870646852098E-12,-1.));
#3353=DIRECTION('',(0.,0.,1.));
#3354=DIRECTION('',(1.,0.,0.));
#3355=DIRECTION('',(0.,1.,0.));
#3356=DIRECTION('',(1.,0.,0.));
#3357=DIRECTION('',(-1.,0.,0.));
#3358=DIRECTION('',(0.,0.,1.));
#3359=DIRECTION('',(0.,1.,0.));
#3360=DIRECTION('',(0.,0.,1.));
#3361=DIRECTION('',(0.,0.,1.));
#3362=DIRECTION('',(1.,0.,0.));
#3363=DIRECTION('',(0.,1.,0.));
#3364=DIRECTION('',(-1.,0.,0.));
#3365=DIRECTION('',(1.,0.,0.));
#3366=DIRECTION('',(0.,1.,0.));
#3367=DIRECTION('',(0.,0.,1.));
#3368=DIRECTION('',(0.,-1.,0.));
#3369=DIRECTION('',(0.,0.,-1.));
#3370=DIRECTION('',(0.,0.999999961927977,0.00027594210383886));
#3371=DIRECTION('',(0.,0.00027594210383886,-0.999999961927977));
#3372=DIRECTION('',(0.,-1.,0.));
#3373=DIRECTION('',(1.,0.,0.));
#3374=DIRECTION('',(0.,0.999999961927977,0.00027594210383886));
#3375=DIRECTION('',(0.,-0.00027594210383886,0.999999961927977));
#3376=DIRECTION('',(0.,-0.862820235102811,0.505510872184892));
#3377=DIRECTION('',(0.,-0.505510872184892,-0.862820235102811));
#3378=DIRECTION('',(0.,-0.862820235102811,0.505510872184892));
#3379=DIRECTION('',(0.,-0.505510872184892,-0.862820235102811));
#3380=DIRECTION('',(0.,-0.862820235102811,0.505510872184892));
#3381=DIRECTION('',(1.,0.,0.));
#3382=DIRECTION('',(0.,-0.862820235102811,0.505510872184892));
#3383=DIRECTION('',(0.,-0.505510872184892,-0.862820235102811));
#3384=DIRECTION('',(0.,-0.862820235102811,0.505510872184892));
#3385=DIRECTION('',(0.,-0.505510872184892,-0.862820235102811));
#3386=DIRECTION('',(0.,-0.862820235102811,0.505510872184892));
#3387=DIRECTION('',(1.,0.,0.));
#3388=DIRECTION('',(0.,-0.000275942103838522,0.999999961927977));
#3389=DIRECTION('',(0.,-0.999999961927977,-0.000275942103838522));
#3390=DIRECTION('',(0.,-0.000275942103838522,0.999999961927977));
#3391=DIRECTION('',(0.,-0.999999961927977,-0.000275942103838522));
#3392=DIRECTION('',(0.,-0.000275942103838522,0.999999961927977));
#3393=DIRECTION('',(1.,0.,0.));
#3394=DIRECTION('',(0.,-0.000275942103838522,0.999999961927977));
#3395=DIRECTION('',(0.,-0.999999961927977,-0.000275942103838522));
#3396=DIRECTION('',(0.,-0.000275942103838522,0.999999961927977));
#3397=DIRECTION('',(0.,-0.999999961927977,-0.000275942103838522));
#3398=DIRECTION('',(0.,-0.000275942103838522,0.999999961927977));
#3399=DIRECTION('',(1.,0.,0.));
#3400=DIRECTION('',(1.,0.,0.));
#3401=DIRECTION('',(0.,0.,-1.));
#3402=DIRECTION('',(0.,1.,-1.85870646852098E-12));
#3403=DIRECTION('',(0.,1.,-1.85870646852098E-12));
#3404=DIRECTION('',(0.,-1.85870646852098E-12,-1.));
#3405=DIRECTION('',(0.,1.,-1.85870646852098E-12));
#3406=DIRECTION('',(0.,1.,-1.85870646852098E-12));
#3407=DIRECTION('',(-1.,0.,0.));
#3408=DIRECTION('',(0.,-1.85870646852098E-12,-1.));
#3409=DIRECTION('',(0.,1.,-1.85870646852098E-12));
#3410=DIRECTION('',(-1.,0.,0.));
#3411=DIRECTION('',(0.,1.,-1.85870646852098E-12));
#3412=DIRECTION('',(1.,0.,0.));
#3413=DIRECTION('',(0.,0.,-1.));
#3414=DIRECTION('',(0.,-1.85870646852098E-12,-1.));
#3415=DIRECTION('',(0.,-1.85870646852098E-12,-1.));
#3416=DIRECTION('',(0.,1.,-1.85870646852098E-12));
#3417=DIRECTION('',(-1.,0.,0.));
#3418=DIRECTION('',(0.,1.,-1.85870646852098E-12));
#3419=DIRECTION('',(-1.,0.,0.));
#3420=DIRECTION('',(0.,-1.85870646852098E-12,-1.));
#3421=DIRECTION('',(0.,1.,-1.85870646852098E-12));
#3422=DIRECTION('',(0.,1.,-1.85870646852098E-12));
#3423=DIRECTION('',(0.,1.,-1.85870646852098E-12));
#3424=DIRECTION('',(1.,0.,0.));
#3425=DIRECTION('',(0.,0.,-1.));
#3426=DIRECTION('',(0.,1.,-1.85870646852098E-12));
#3427=DIRECTION('',(0.,-1.85870646852098E-12,-1.));
#3428=DIRECTION('',(0.,1.,-1.85870646852098E-12));
#3429=DIRECTION('',(0.,1.,-1.85870646852098E-12));
#3430=DIRECTION('',(1.,0.,0.));
#3431=DIRECTION('',(0.,0.,-1.));
#3432=DIRECTION('',(0.,1.,-1.85870646852098E-12));
#3433=DIRECTION('',(0.,-1.85870646852098E-12,-1.));
#3434=DIRECTION('',(0.,1.,-1.85870646852098E-12));
#3435=DIRECTION('',(0.,1.,-1.85870646852098E-12));
#3436=DIRECTION('',(1.,0.,0.));
#3437=DIRECTION('',(0.,0.,-1.));
#3438=DIRECTION('',(0.,1.,-1.85870646852098E-12));
#3439=DIRECTION('',(0.,-1.85870646852098E-12,-1.));
#3440=DIRECTION('',(0.,1.,-1.85870646852098E-12));
#3441=DIRECTION('',(0.,1.,-1.85870646852098E-12));
#3442=DIRECTION('',(1.,0.,0.));
#3443=DIRECTION('',(0.,0.,-1.));
#3444=DIRECTION('',(0.,1.,-1.85870646852098E-12));
#3445=DIRECTION('',(0.,-1.85870646852098E-12,-1.));
#3446=DIRECTION('',(0.,1.,-1.85870646852098E-12));
#3447=DIRECTION('',(0.,1.,-1.85870646852098E-12));
#3448=DIRECTION('',(1.,0.,0.));
#3449=DIRECTION('',(0.,0.,-1.));
#3450=DIRECTION('',(0.,1.,-1.85870646852098E-12));
#3451=DIRECTION('',(0.,-1.85870646852098E-12,-1.));
#3452=DIRECTION('',(0.,1.,-1.85870646852098E-12));
#3453=DIRECTION('',(0.,1.,-1.85870646852098E-12));
#3454=DIRECTION('',(1.,0.,0.));
#3455=DIRECTION('',(0.,0.,-1.));
#3456=DIRECTION('',(0.,1.,-1.85870646852098E-12));
#3457=DIRECTION('',(0.,1.85870646852098E-12,1.));
#3458=DIRECTION('',(0.,1.,-1.85870646852098E-12));
#3459=DIRECTION('',(0.,1.85870646852098E-12,1.));
#3460=DIRECTION('',(0.,1.,-1.85870646852098E-12));
#3461=DIRECTION('',(0.,1.85870646852098E-12,1.));
#3462=DIRECTION('',(0.,1.,-1.85870646852098E-12));
#3463=DIRECTION('',(0.,1.85870646852098E-12,1.));
#3464=DIRECTION('',(0.,1.,-1.85870646852098E-12));
#3465=DIRECTION('',(0.,1.85870646852098E-12,1.));
#3466=DIRECTION('',(0.,1.85870646852098E-12,1.));
#3467=DIRECTION('',(0.,-1.,1.85870646852098E-12));
#3468=DIRECTION('',(0.,1.,-1.85870646852098E-12));
#3469=DIRECTION('',(0.,1.,-1.85870646852098E-12));
#3470=DIRECTION('',(1.,0.,0.));
#3471=DIRECTION('',(0.,0.,-1.));
#3472=DIRECTION('',(0.,1.,-1.85870646852098E-12));
#3473=DIRECTION('',(0.,-1.85870646852098E-12,-1.));
#3474=DIRECTION('',(0.,1.,-1.85870646852098E-12));
#3475=DIRECTION('',(0.,1.,-1.85870646852098E-12));
#3476=DIRECTION('',(-1.,0.,0.));
#3477=DIRECTION('',(0.,0.,1.));
#3478=DIRECTION('',(-0.980580651589214,3.64522552952593E-13,0.196116255646677));
#3479=DIRECTION('',(0.196116255646677,0.,0.980580651589214));
#3480=DIRECTION('',(0.,1.,-1.85870646852098E-12));
#3481=DIRECTION('',(0.,1.,-1.85870646852098E-12));
#3482=DIRECTION('',(0.,1.,-1.85870646852098E-12));
#3483=DIRECTION('',(0.,1.85870646852098E-12,1.));
#3484=DIRECTION('',(0.,1.,-1.85870646852098E-12));
#3485=DIRECTION('',(0.986058755348321,-3.09284126321372E-13,-0.166397508998544));
#3486=DIRECTION('',(-0.166397508998544,0.,-0.986058755348321));
#3487=DIRECTION('',(0.,1.,-1.85870646852098E-12));
#3488=DIRECTION('',(-0.977244667497042,3.94259902099739E-13,0.212115204190074));
#3489=DIRECTION('',(0.212115204190074,0.,0.977244667497042));
#3490=DIRECTION('',(0.,1.,-1.85870646852098E-12));
#3491=DIRECTION('',(-0.978906603214401,3.7974907114735E-13,0.204308252851525));
#3492=DIRECTION('',(0.204308252851525,0.,0.978906603214401));
#3493=DIRECTION('',(0.,1.,-1.85870646852098E-12));
#3494=DIRECTION('',(0.,1.,-1.85870646852098E-12));
#3495=DIRECTION('',(0.,1.85870646852098E-12,1.));
#3496=DIRECTION('',(0.,1.85870646852098E-12,1.));
#3497=DIRECTION('',(0.,-1.,1.85870646852098E-12));
#3498=DIRECTION('',(0.,1.,-1.85870646852098E-12));
#3499=DIRECTION('',(0.,1.,-1.85870646852098E-12));
#3500=DIRECTION('',(-0.639011790166585,1.42971132736791E-12,0.769196939689762));
#3501=DIRECTION('',(0.769196939689762,0.,0.639011790166585));
#3502=DIRECTION('',(0.,1.,-1.85870646852098E-12));
#3503=DIRECTION('',(0.626810599104904,1.44825140107437E-12,0.779171658140715));
#3504=DIRECTION('',(0.779171658140715,0.,-0.626810599104904));
#3505=DIRECTION('',(0.,-1.85870646852098E-12,-1.));
#3506=DIRECTION('',(0.,1.,-1.85870646852098E-12));
#3507=DIRECTION('',(0.,1.,-1.85870646852098E-12));
#3508=DIRECTION('',(0.,1.,-1.85870646852098E-12));
#3509=DIRECTION('',(-0.890203049754307,-8.46759696733875E-13,-0.45556396939193));
#3510=DIRECTION('',(-0.45556396939193,0.,0.890203049754307));
#3511=DIRECTION('',(0.,1.,-1.85870646852098E-12));
#3512=DIRECTION('',(0.00304795263164816,1.85869783479521E-12,0.99999535498159));
#3513=DIRECTION('',(0.99999535498159,0.,-0.00304795263164816));
#3514=DIRECTION('',(0.,1.,-1.85870646852098E-12));
#3515=DIRECTION('',(0.903737794119072,7.95687033744078E-13,0.428086439262906));
#3516=DIRECTION('',(0.428086439262906,0.,-0.903737794119072));
#3517=DIRECTION('',(0.,1.,-1.85870646852098E-12));
#3518=DIRECTION('',(-0.653019574969994,-1.40767467009125E-12,-0.757341029329594));
#3519=DIRECTION('',(-0.757341029329594,0.,0.653019574969994));
#3520=DIRECTION('',(0.,1.,-1.85870646852098E-12));
#3521=DIRECTION('',(0.,-1.85870646852098E-12,-1.));
#3522=DIRECTION('',(0.,1.,-1.85870646852098E-12));
#3523=DIRECTION('',(0.,1.,-1.85870646852098E-12));
#3524=DIRECTION('',(0.948682323439143,5.87780028742902E-13,0.316230689835933));
#3525=DIRECTION('',(0.316230689835933,0.,-0.948682323439143));
#3526=DIRECTION('',(0.,1.,-1.85870646852098E-12));
#3527=DIRECTION('',(0.,1.85870646852098E-12,1.));
#3528=DIRECTION('',(0.,-1.,1.85870646852098E-12));
#3529=DIRECTION('',(0.,1.,-1.85870646852098E-12));
#3530=DIRECTION('',(-1.,0.,0.));
#3531=DIRECTION('',(0.,0.,1.));
#3532=DIRECTION('',(0.,-1.85870646852098E-12,-1.));
#3533=DIRECTION('',(0.,1.,-1.85870646852098E-12));
#3534=DIRECTION('',(0.,1.,-1.85870646852098E-12));
#3535=DIRECTION('',(0.,1.,-1.85870646852098E-12));
#3536=DIRECTION('',(1.,0.,0.));
#3537=DIRECTION('',(0.,0.,-1.));
#3538=DIRECTION('',(0.,1.,-1.85870646852098E-12));
#3539=DIRECTION('',(0.,1.85870646852098E-12,1.));
#3540=DIRECTION('',(0.,-1.,1.85870646852098E-12));
#3541=DIRECTION('',(0.,1.,-1.85870646852098E-12));
#3542=DIRECTION('',(-1.,0.,0.));
#3543=DIRECTION('',(0.,0.,1.));
#3544=DIRECTION('',(0.,1.,-1.85870646852098E-12));
#3545=DIRECTION('',(0.,-1.85870646852098E-12,-1.));
#3546=DIRECTION('',(0.,1.,-1.85870646852098E-12));
#3547=DIRECTION('',(0.,1.,-1.85870646852098E-12));
#3548=DIRECTION('',(0.623515787170179,-1.45315671522332E-12,-0.781810759167173));
#3549=DIRECTION('',(-0.781810759167173,0.,-0.623515787170179));
#3550=DIRECTION('',(0.,1.,-1.85870646852098E-12));
#3551=DIRECTION('',(-0.965843063261552,4.81642376069406E-13,0.259127723622041));
#3552=DIRECTION('',(0.259127723622041,0.,0.965843063261552));
#3553=DIRECTION('',(0.,1.,-1.85870646852098E-12));
#3554=DIRECTION('',(0.,1.85870646852098E-12,1.));
#3555=DIRECTION('',(0.,-1.,1.85870646852098E-12));
#3556=DIRECTION('',(0.,1.,-1.85870646852098E-12));
#3557=DIRECTION('',(0.944785200587769,-6.09080057695783E-13,-0.327690287848647));
#3558=DIRECTION('',(-0.327690287848647,0.,-0.944785200587769));
#3559=DIRECTION('',(-0.985454789366871,3.15864500383948E-13,0.16993780660552));
#3560=DIRECTION('',(0.16993780660552,0.,0.985454789366872));
#3561=DIRECTION('',(0.,1.,-1.85870646852098E-12));
#3562=DIRECTION('',(0.,1.,-1.85870646852098E-12));
#3563=DIRECTION('',(0.,1.,-1.85870646852098E-12));
#3564=DIRECTION('',(0.,1.85870646852098E-12,1.));
#3565=DIRECTION('',(0.,1.,-1.85870646852098E-12));
#3566=DIRECTION('',(0.970558008223473,-4.47701980758044E-13,-0.240867500242946));
#3567=DIRECTION('',(-0.240867500242946,0.,-0.970558008223473));
#3568=DIRECTION('',(0.,1.,-1.85870646852098E-12));
#3569=DIRECTION('',(0.,1.,-1.85870646852098E-12));
#3570=DIRECTION('',(0.,1.85870646852098E-12,1.));
#3571=DIRECTION('',(0.,-1.85870646852098E-12,-1.));
#3572=DIRECTION('',(0.,1.,-1.85870646852098E-12));
#3573=DIRECTION('',(0.,1.,-1.85870646852098E-12));
#3574=DIRECTION('',(0.,1.,-1.85870646852098E-12));
#3575=DIRECTION('',(-0.607732916436839,1.47607591986639E-12,0.794141487569548));
#3576=DIRECTION('',(0.794141487569548,0.,0.607732916436839));
#3577=DIRECTION('',(0.,1.,-1.85870646852098E-12));
#3578=DIRECTION('',(-0.805372171877684,-1.1017844799021E-12,-0.592769487039458));
#3579=DIRECTION('',(-0.592769487039458,0.,0.805372171877684));
#3580=DIRECTION('',(0.,1.,-1.85870646852098E-12));
#3581=DIRECTION('',(0.,1.85870646852098E-12,1.));
#3582=DIRECTION('',(0.,-1.,1.85870646852098E-12));
#3583=DIRECTION('',(0.,1.,-1.85870646852098E-12));
#3584=DIRECTION('',(0.774569675968504,1.17561063436543E-12,0.6324885904663));
#3585=DIRECTION('',(0.6324885904663,0.,-0.774569675968504));
#3586=DIRECTION('',(0.,1.,-1.85870646852098E-12));
#3587=DIRECTION('',(-1.89762985320464E-15,-1.85870646852098E-12,-1.));
#3588=DIRECTION('',(0.,1.,-1.85870646852098E-12));
#3589=DIRECTION('',(0.,1.,-1.85870646852098E-12));
#3590=DIRECTION('',(-0.792984471977898,-1.13240176048776E-12,-0.609241846233443));
#3591=DIRECTION('',(-0.609241846233443,0.,0.792984471977898));
#3592=DIRECTION('',(0.,1.,-1.85870646852098E-12));
#3593=DIRECTION('',(0.609241846233444,-1.47392536750201E-12,-0.792984471977898));
#3594=DIRECTION('',(-0.792984471977898,0.,-0.609241846233444));
#3595=DIRECTION('',(-0.0204030968414952,1.85831955117397E-12,0.999791835153337));
#3596=DIRECTION('',(0.999791835153337,0.,0.0204030968414952));
#3597=DIRECTION('',(0.,1.,-1.85870646852098E-12));
#3598=DIRECTION('',(0.,1.,-1.85870646852098E-12));
#3599=DIRECTION('',(1.,0.,0.));
#3600=DIRECTION('',(0.,0.,-1.));
#3601=DIRECTION('',(0.,1.,-1.85870646852098E-12));
#3602=DIRECTION('',(0.,-1.85870646852098E-12,-1.));
#3603=DIRECTION('',(0.,1.,-1.85870646852098E-12));
#3604=DIRECTION('',(0.,1.,-1.85870646852098E-12));
#3605=DIRECTION('',(-1.,0.,0.));
#3606=DIRECTION('',(0.,0.,1.));
#3607=DIRECTION('',(0.726776155704467,1.27669786074296E-12,0.686874384075747));
#3608=DIRECTION('',(0.686874384075747,0.,-0.726776155704467));
#3609=DIRECTION('',(0.,1.,-1.85870646852098E-12));
#3610=DIRECTION('',(0.,1.,-1.85870646852098E-12));
#3611=DIRECTION('',(0.733499050322233,-1.26334508434872E-12,-0.679690476008295));
#3612=DIRECTION('',(-0.679690476008295,0.,-0.733499050322233));
#3613=DIRECTION('',(0.,1.,-1.85870646852098E-12));
#3614=DIRECTION('',(0.,-1.85870646852098E-12,-1.));
#3615=DIRECTION('',(0.,1.,-1.85870646852098E-12));
#3616=DIRECTION('',(0.,1.,-1.85870646852098E-12));
#3617=DIRECTION('',(-0.723802968939533,1.28251993831021E-12,0.690006711673385));
#3618=DIRECTION('',(0.690006711673385,0.,0.723802968939533));
#3619=DIRECTION('',(0.,1.,-1.85870646852098E-12));
#3620=DIRECTION('',(0.726776155704467,1.27669786074296E-12,0.686874384075747));
#3621=DIRECTION('',(0.686874384075747,0.,-0.726776155704467));
#3622=DIRECTION('',(0.,1.,-1.85870646852098E-12));
#3623=DIRECTION('',(0.,-1.85870646852098E-12,-1.));
#3624=DIRECTION('',(0.,1.,-1.85870646852098E-12));
#3625=DIRECTION('',(0.,1.,-1.85870646852098E-12));
#3626=DIRECTION('',(-0.731894007594921,-1.26655695940543E-12,-0.681418492298709));
#3627=DIRECTION('',(-0.681418492298709,0.,0.731894007594921));
#3628=DIRECTION('',(0.,1.,-1.85870646852098E-12));
#3629=DIRECTION('',(-0.723802968939532,1.28251993831021E-12,0.690006711673385));
#3630=DIRECTION('',(0.690006711673385,0.,0.723802968939533));
#3631=DIRECTION('',(0.,1.,-1.85870646852098E-12));
#3632=DIRECTION('',(0.,1.85870646852098E-12,1.));
#3633=DIRECTION('',(0.,-1.,1.85870646852098E-12));
#3634=DIRECTION('',(0.,1.,-1.85870646852098E-12));
#3635=DIRECTION('',(0.733499050322233,-1.26334508434872E-12,-0.679690476008295));
#3636=DIRECTION('',(-0.679690476008295,0.,-0.733499050322233));
#3637=DIRECTION('',(0.,1.,-1.85870646852098E-12));
#3638=DIRECTION('',(-0.73189400759492,-1.26655695940543E-12,-0.68141849229871));
#3639=DIRECTION('',(-0.68141849229871,0.,0.73189400759492));
#3640=DIRECTION('',(0.,1.,-1.85870646852098E-12));
#3641=DIRECTION('',(0.,1.85870646852098E-12,1.));
#3642=DIRECTION('',(0.,-1.,1.85870646852098E-12));
#3643=DIRECTION('',(0.,-1.85870646852098E-12,-1.));
#3644=DIRECTION('',(0.,1.,-1.85870646852098E-12));
#3645=DIRECTION('',(0.,1.,-1.85870646852098E-12));
#3646=DIRECTION('',(0.,1.,-1.85870646852098E-12));
#3647=DIRECTION('',(1.,0.,0.));
#3648=DIRECTION('',(0.,0.,-1.));
#3649=DIRECTION('',(0.,1.,-1.85870646852098E-12));
#3650=DIRECTION('',(0.,-1.85870646852098E-12,-1.));
#3651=DIRECTION('',(0.,1.,-1.85870646852098E-12));
#3652=DIRECTION('',(0.,1.,-1.85870646852098E-12));
#3653=DIRECTION('',(1.,0.,0.));
#3654=DIRECTION('',(0.,0.,-1.));
#3655=DIRECTION('',(0.,-1.85870646852098E-12,-1.));
#3656=DIRECTION('',(0.,1.,-1.85870646852098E-12));
#3657=DIRECTION('',(0.,1.,-1.85870646852098E-12));
#3658=DIRECTION('',(0.,1.,-1.85870646852098E-12));
#3659=DIRECTION('',(1.,0.,0.));
#3660=DIRECTION('',(0.,0.,-1.));
#3661=DIRECTION('',(0.,1.,-1.85870646852098E-12));
#3662=DIRECTION('',(0.,-1.85870646852098E-12,-1.));
#3663=DIRECTION('',(0.,1.,-1.85870646852098E-12));
#3664=DIRECTION('',(0.,1.,-1.85870646852098E-12));
#3665=DIRECTION('',(1.,0.,0.));
#3666=DIRECTION('',(0.,0.,-1.));
#3667=DIRECTION('',(0.,1.,-1.85870646852098E-12));
#3668=DIRECTION('',(0.,1.85870646852098E-12,1.));
#3669=CARTESIAN_POINT('',(0.,0.,0.));
#3670=CARTESIAN_POINT('',(0.09749,-0.00489204004400447,0.0379256531596165));
#3671=CARTESIAN_POINT('',(0.0531703494489193,-0.00489204004403965,0.0190016776323319));
#3672=CARTESIAN_POINT('',(0.0531703494489193,-0.00489204004403792,0.0199302335525606));
#3673=CARTESIAN_POINT('',(0.0414955690503121,-0.00489204004406345,0.0061943749897182));
#3674=CARTESIAN_POINT('',(0.0417312830686569,-0.00489204004406345,0.0061943749897182));
#3675=CARTESIAN_POINT('',(0.0412598550319671,-0.00489204004406345,0.0061943749897182));
#3676=CARTESIAN_POINT('',(0.0412598550319671,-0.00489204004406383,0.00599233410321176));
#3677=CARTESIAN_POINT('',(0.0412598550319671,-0.0048920400440642,0.00579029321670532));
#3678=CARTESIAN_POINT('',(0.0414955690503121,-0.0048920400440642,0.00579029321670532));
#3679=CARTESIAN_POINT('',(0.0417312830686569,-0.0048920400440642,0.00579029321670532));
#3680=CARTESIAN_POINT('',(0.0417312830686569,-0.00489204004406383,0.00599233410321176));
#3681=CARTESIAN_POINT('',(0.0521365644230297,-0.00489204004405881,0.00868828988342434));
#3682=CARTESIAN_POINT('',(0.0525511974041033,-0.00489204004405881,0.00868828988342432));
#3683=CARTESIAN_POINT('',(0.0517219314419562,-0.00489204004405881,0.00868828988342433));
#3684=CARTESIAN_POINT('',(0.0512367272332016,-0.00489204004405951,0.00831551246042565));
#3685=CARTESIAN_POINT('',(0.050751523024447,-0.0048920400440602,0.00794273503742697));
#3686=CARTESIAN_POINT('',(0.0504368380191958,-0.00489204004405944,0.00835232660483362));
#3687=CARTESIAN_POINT('',(0.0501221530139446,-0.00489204004405868,0.00876191817224026));
#3688=CARTESIAN_POINT('',(0.0496650766581297,-0.00489204004405868,0.00876191817224026));
#3689=CARTESIAN_POINT('',(0.0492080003023148,-0.00489204004405868,0.00876191817224028));
#3690=CARTESIAN_POINT('',(0.0501221530139447,-0.00489204004406076,0.00764241185970607));
#3691=CARTESIAN_POINT('',(0.0510363057255745,-0.00489204004406284,0.00652290554717183));
#3692=CARTESIAN_POINT('',(0.0514479769600593,-0.00489204004406284,0.00652290554717183));
#3693=CARTESIAN_POINT('',(0.0518596481945442,-0.00489204004406284,0.00652290554717182));
#3694=CARTESIAN_POINT('',(0.0514744749499523,-0.00489204004406187,0.00704622501507401));
#3695=CARTESIAN_POINT('',(0.0510893017053604,-0.00489204004406089,0.00756954448297619));
#3696=CARTESIAN_POINT('',(0.0518202495547318,-0.00489204004405985,0.00812891718320026));
#3697=CARTESIAN_POINT('',(0.0466467418750925,-0.00489204004405881,0.00868828988342434));
#3698=CARTESIAN_POINT('',(0.0471708604954685,-0.00489204004405881,0.00868828988342434));
#3699=CARTESIAN_POINT('',(0.0461226232547164,-0.00489204004405881,0.00868828988342433));
#3700=CARTESIAN_POINT('',(0.0457310181209743,-0.00489204004406091,0.00755922762996926));
#3701=CARTESIAN_POINT('',(0.0453394129872322,-0.00489204004406301,0.0064301653765142));
#3702=CARTESIAN_POINT('',(0.045892094292964,-0.00489204004406301,0.0064301653765142));
#3703=CARTESIAN_POINT('',(0.0464447755986959,-0.00489204004406301,0.0064301653765142));
#3704=CARTESIAN_POINT('',(0.0465976186046823,-0.00489204004406195,0.0069998549297452));
#3705=CARTESIAN_POINT('',(0.0467504616106687,-0.00489204004406089,0.0075695444829762));
#3706=CARTESIAN_POINT('',(0.0469700180810362,-0.00489204004406057,0.00774464686401188));
#3707=CARTESIAN_POINT('',(0.0471895745514036,-0.00489204004406024,0.00791974924504757));
#3708=CARTESIAN_POINT('',(0.046999238362819,-0.00489204004406024,0.00791974924504757));
#3709=CARTESIAN_POINT('',(0.0468089021742344,-0.00489204004406024,0.00791974924504757));
#3710=CARTESIAN_POINT('',(0.0468089021742344,-0.00489204004405984,0.00813663518056274));
#3711=CARTESIAN_POINT('',(0.0468089021742344,-0.00489204004405944,0.0083535211160779));
#3712=CARTESIAN_POINT('',(0.0469898813348514,-0.00489204004405944,0.0083535211160779));
#3713=CARTESIAN_POINT('',(0.0471708604954685,-0.00489204004405944,0.0083535211160779));
#3714=CARTESIAN_POINT('',(0.0471708604954685,-0.00489204004405913,0.00852090549975112));
#3715=CARTESIAN_POINT('',(0.0472222394175102,-0.00489204004406089,0.0075695444829762));
#3716=CARTESIAN_POINT('',(0.0468628266810606,-0.00489204004406089,0.0075695444829762));
#3717=CARTESIAN_POINT('',(0.0475816521539598,-0.00489204004406089,0.0075695444829762));
#3718=CARTESIAN_POINT('',(0.0473990561022851,-0.00489204004406062,0.00771643527314878));
#3719=CARTESIAN_POINT('',(0.0472164600506105,-0.00489204004406035,0.00786332606332136));
#3720=CARTESIAN_POINT('',(0.0470396433658355,-0.00489204004406062,0.00771643527314878));
#3721=CARTESIAN_POINT('',(0.0688724592328072,-0.00489204004393646,0.0745139345526695));
#3722=CARTESIAN_POINT('',(0.0778002962470055,-0.00489204004393646,0.0745139345526695));
#3723=CARTESIAN_POINT('',(0.0599446222186089,-0.00489204004393646,0.0745139345526695));
#3724=CARTESIAN_POINT('',(0.0599446222186089,-0.00489204004400052,0.0400501901749521));
#3725=CARTESIAN_POINT('',(0.0599446222186089,-0.00489204004406458,0.00558644579723477));
#3726=CARTESIAN_POINT('',(0.0688724592328072,-0.00489204004406458,0.00558644579723478));
#3727=CARTESIAN_POINT('',(0.0778002962470055,-0.00489204004406458,0.00558644579723478));
#3728=CARTESIAN_POINT('',(0.0778002962470055,-0.00489204004400052,0.0400501901749521));
#3729=CARTESIAN_POINT('',(0.011,-0.00489204004400447,0.0379256531596165));
#3730=CARTESIAN_POINT('',(0.011,-0.00489204004407497,-1.38777878078144E-17));
#3731=CARTESIAN_POINT('',(0.011,-0.00489204004393398,0.0758513063192331));
#3732=CARTESIAN_POINT('',(0.09749,-0.00489204004393398,0.0758513063192331));
#3733=CARTESIAN_POINT('',(0.09749,-0.00489204004393398,0.0758513063192331));
#3734=CARTESIAN_POINT('',(0.09749,-0.00489204004400447,0.0379256531596165));
#3735=CARTESIAN_POINT('',(0.09749,-0.00489204004407497,-1.38777878078144E-17));
#3736=CARTESIAN_POINT('',(0.09749,-0.00489204004407497,-1.38777878078144E-17));
#3737=CARTESIAN_POINT('',(0.0539951100945473,-0.00489204004406077,0.00763707202492762));
#3738=CARTESIAN_POINT('',(0.0539951100945473,-0.00489204004405805,0.0090975279846511));
#3739=CARTESIAN_POINT('',(0.0539951100945473,-0.00489204004406348,0.00617661606520414));
#3740=CARTESIAN_POINT('',(0.0542803537100554,-0.00489204004405805,0.0090975279846511));
#3741=CARTESIAN_POINT('',(0.0545655973255634,-0.00489204004405805,0.0090975279846511));
#3742=CARTESIAN_POINT('',(0.0545655973255634,-0.0048920400440576,0.00934428959571796));
#3743=CARTESIAN_POINT('',(0.0545655973255634,-0.00489204004405714,0.00959105120679783));
#3744=CARTESIAN_POINT('',(0.0483672884758512,-0.00489204004405714,0.00959105120678482));
#3745=CARTESIAN_POINT('',(0.042168979626139,-0.00489204004405714,0.00959105120678482));
#3746=CARTESIAN_POINT('',(0.042168979626139,-0.0048920400440576,0.00934428959571796));
#3747=CARTESIAN_POINT('',(0.042168979626139,-0.00489204004405805,0.0090975279846511));
#3748=CARTESIAN_POINT('',(0.0476920814719001,-0.00489204004405805,0.0090975279846511));
#3749=CARTESIAN_POINT('',(0.0532151833176613,-0.00489204004405805,0.0090975279846511));
#3750=CARTESIAN_POINT('',(0.0532151833176613,-0.00489204004406077,0.00763707202492762));
#3751=CARTESIAN_POINT('',(0.0532151833176613,-0.00489204004406348,0.00617661606520414));
#3752=CARTESIAN_POINT('',(0.0476843691239408,-0.00489204004406348,0.00617661606520414));
#3753=CARTESIAN_POINT('',(0.0421535549302203,-0.00489204004406348,0.00617661606520414));
#3754=CARTESIAN_POINT('',(0.0421535549302203,-0.0048920400440638,0.00600435212254524));
#3755=CARTESIAN_POINT('',(0.0421535549302203,-0.00489204004406412,0.00583208817988634));
#3756=CARTESIAN_POINT('',(0.0483786663780264,-0.00489204004406412,0.00583208817988634));
#3757=CARTESIAN_POINT('',(0.0546037778258324,-0.00489204004406412,0.00583208817988634));
#3758=CARTESIAN_POINT('',(0.0546037778258324,-0.0048920400440638,0.00600435212254524));
#3759=CARTESIAN_POINT('',(0.0546037778258324,-0.00489204004406348,0.00617661606520414));
#3760=CARTESIAN_POINT('',(0.0542994439601898,-0.00489204004406348,0.00617661606520414));
#3761=CARTESIAN_POINT('',(0.0508951507508755,-0.00489204004403965,0.0190016776323319));
#3762=CARTESIAN_POINT('',(0.0508951507508755,-0.00489204004403792,0.0199302335525606));
#3763=CARTESIAN_POINT('',(0.048705268651247,-0.00489204004403959,0.0190301164984703));
#3764=CARTESIAN_POINT('',(0.048705268651247,-0.00489204004403786,0.019958672418699));
#3765=CARTESIAN_POINT('',(0.0464585050940514,-0.00489204004403959,0.0190301164984703));
#3766=CARTESIAN_POINT('',(0.0464585050940514,-0.00489204004403786,0.019958672418699));
#3767=CARTESIAN_POINT('',(0.0442686229944229,-0.00489204004403959,0.0190301164984703));
#3768=CARTESIAN_POINT('',(0.0442686229944229,-0.00489204004403786,0.019958672418699));
#3769=CARTESIAN_POINT('',(0.0419081039726734,-0.00489204004403959,0.0190301164984703));
#3770=CARTESIAN_POINT('',(0.0419081039726734,-0.00489204004403786,0.019958672418699));
#3771=CARTESIAN_POINT('',(0.0425181039726734,-0.00489204004404953,0.0136833931319415));
#3772=CARTESIAN_POINT('',(0.0425181039726734,-0.00489204004404266,0.0173805952072144));
#3773=CARTESIAN_POINT('',(0.0425181039726734,-0.0048920400440564,0.00998619105666873));
#3774=CARTESIAN_POINT('',(0.0418213238126039,-0.00489204004404266,0.0173805952072144));
#3775=CARTESIAN_POINT('',(0.0411245436525345,-0.00489204004404266,0.0173805952072144));
#3776=CARTESIAN_POINT('',(0.0411245436525345,-0.00489204004404953,0.0136833931319415));
#3777=CARTESIAN_POINT('',(0.0411245436525345,-0.0048920400440564,0.00998619105666874));
#3778=CARTESIAN_POINT('',(0.0418213238126039,-0.0048920400440564,0.00998619105666873));
#3779=CARTESIAN_POINT('',(0.0444509255439236,-0.00489204004406078,0.00763255319668933));
#3780=CARTESIAN_POINT('',(0.0442397780716419,-0.00489204004406274,0.00657681650995433));
#3781=CARTESIAN_POINT('',(0.0446620730162051,-0.00489204004405881,0.00868828988342434));
#3782=CARTESIAN_POINT('',(0.0440482704527767,-0.00489204004406063,0.00771308426638226));
#3783=CARTESIAN_POINT('',(0.0443050940036543,-0.00489204004405854,0.0088363924369643));
#3784=CARTESIAN_POINT('',(0.0442724360376481,-0.00489204004405883,0.00867991760971298));
#3785=CARTESIAN_POINT('',(0.0442397780716419,-0.00489204004405912,0.00852344278246165));
#3786=CARTESIAN_POINT('',(0.0440542977303267,-0.00489204004406071,0.00766890868544579));
#3787=CARTESIAN_POINT('',(0.0438688173890114,-0.0048920400440623,0.00681437458842993));
#3788=CARTESIAN_POINT('',(0.0438491886325247,-0.00489204004406251,0.00669805609720487));
#3789=CARTESIAN_POINT('',(0.0438295598760379,-0.00489204004406273,0.00658173760597981));
#3790=CARTESIAN_POINT('',(0.0440482704527767,-0.00489204004406063,0.00771308426638232));
#3791=CARTESIAN_POINT('',(0.0477203170022727,-0.00489204004405881,0.00868828988342434));
#3792=CARTESIAN_POINT('',(0.0482190977362206,-0.00489204004405881,0.00868828988342434));
#3793=CARTESIAN_POINT('',(0.0472215362683249,-0.00489204004405881,0.00868828988342434));
#3794=CARTESIAN_POINT('',(0.0472215362683249,-0.00489204004405913,0.00852090549975112));
#3795=CARTESIAN_POINT('',(0.0472215362683249,-0.00489204004405944,0.0083535211160779));
#3796=CARTESIAN_POINT('',(0.0473603990084517,-0.00489204004405944,0.0083535211160779));
#3797=CARTESIAN_POINT('',(0.0474992617485784,-0.00489204004405944,0.0083535211160779));
#3798=CARTESIAN_POINT('',(0.047571557803126,-0.00489204004405984,0.00813663518056274));
#3799=CARTESIAN_POINT('',(0.0476438538576736,-0.00489204004406024,0.00791974924504757));
#3800=CARTESIAN_POINT('',(0.0474561627318369,-0.00489204004406024,0.00791974924504757));
#3801=CARTESIAN_POINT('',(0.0472684716060003,-0.00489204004406024,0.00791974924504757));
#3802=CARTESIAN_POINT('',(0.0474715470153365,-0.00489204004406057,0.00774464686401188));
#3803=CARTESIAN_POINT('',(0.0476746224246728,-0.00489204004406089,0.0075695444829762));
#3804=CARTESIAN_POINT('',(0.0479216743450516,-0.00489204004406186,0.00704799056984484));
#3805=CARTESIAN_POINT('',(0.0481687262654305,-0.00489204004406283,0.0065264366567135));
#3806=CARTESIAN_POINT('',(0.0487479828298092,-0.00489204004406284,0.00652467110194267));
#3807=CARTESIAN_POINT('',(0.0493272393941879,-0.00489204004406284,0.00652290554717183));
#3808=CARTESIAN_POINT('',(0.0487731685652042,-0.00489204004406083,0.00760559771529807));
#3809=CARTESIAN_POINT('',(0.0437560403747501,-0.00489204004406247,0.00672190593033143));
#3810=CARTESIAN_POINT('',(0.0437357067473398,-0.00489204004406269,0.00660399296607164));
#3811=CARTESIAN_POINT('',(0.0437763740021603,-0.00489204004406225,0.00683981889459121));
#3812=CARTESIAN_POINT('',(0.0440542977303267,-0.00489204004406071,0.00766890868544579));
#3813=CARTESIAN_POINT('',(0.0441121675878324,-0.00489204004405909,0.00854142376243266));
#3814=CARTESIAN_POINT('',(0.0441512745031846,-0.00489204004405879,0.00869900222292946));
#3815=CARTESIAN_POINT('',(0.0441903814185368,-0.0048920400440585,0.00885658068342626));
#3816=CARTESIAN_POINT('',(0.0440482704527768,-0.00489204004406063,0.00771308426638238));
#3817=CARTESIAN_POINT('',(0.0539951100945473,-0.00489204004404937,0.0137687125243247));
#3818=CARTESIAN_POINT('',(0.0539951100945473,-0.00489204004404255,0.0174374748021365));
#3819=CARTESIAN_POINT('',(0.0539951100945473,-0.00489204004405619,0.0100999502465129));
#3820=CARTESIAN_POINT('',(0.0532983299344778,-0.00489204004404258,0.0174232553690672));
#3821=CARTESIAN_POINT('',(0.0526015497744083,-0.00489204004404261,0.0174090359359979));
#3822=CARTESIAN_POINT('',(0.0526015497744083,-0.0048920400440494,0.0137544930912554));
#3823=CARTESIAN_POINT('',(0.0526015497744083,-0.00489204004405619,0.0100999502465129));
#3824=CARTESIAN_POINT('',(0.0532983299344778,-0.00489204004405619,0.0100999502465129));
#3825=CARTESIAN_POINT('',(0.0488409740477156,-0.00489204004405366,0.0114609671621775));
#3826=CARTESIAN_POINT('',(0.0475546802579067,-0.00489204004405113,0.0128219840778422));
#3827=CARTESIAN_POINT('',(0.0501272678375244,-0.00489204004405619,0.0100999502465129));
#3828=CARTESIAN_POINT('',(0.0509142727045519,-0.00489204004405619,0.0100999502465129));
#3829=CARTESIAN_POINT('',(0.0517012775715794,-0.00489204004405619,0.0100999502465129));
#3830=CARTESIAN_POINT('',(0.050030098254732,-0.00489204004405285,0.0118949207990305));
#3831=CARTESIAN_POINT('',(0.0483589189378847,-0.00489204004404952,0.0136898913515481));
#3832=CARTESIAN_POINT('',(0.0500820753290469,-0.00489204004404606,0.015549463643773));
#3833=CARTESIAN_POINT('',(0.0518052317202092,-0.00489204004404261,0.0174090359359979));
#3834=CARTESIAN_POINT('',(0.0509662497788668,-0.00489204004404261,0.0174090359359979));
#3835=CARTESIAN_POINT('',(0.0501272678375244,-0.00489204004404261,0.0174090359359979));
#3836=CARTESIAN_POINT('',(0.048804060080069,-0.00489204004404518,0.0160210179831763));
#3837=CARTESIAN_POINT('',(0.0474808523226135,-0.00489204004404777,0.0146330000303546));
#3838=CARTESIAN_POINT('',(0.0462150383014925,-0.00489204004404524,0.0159925781857153));
#3839=CARTESIAN_POINT('',(0.0449492242803715,-0.00489204004404271,0.0173521563410759));
#3840=CARTESIAN_POINT('',(0.0441112248535227,-0.00489204004404271,0.0173521563410759));
#3841=CARTESIAN_POINT('',(0.0432732254266739,-0.00489204004404271,0.0173521563410759));
#3842=CARTESIAN_POINT('',(0.0449658285067399,-0.00489204004404604,0.0155612268957754));
#3843=CARTESIAN_POINT('',(0.0466584315868059,-0.00489204004404937,0.0137702974504749));
#3844=CARTESIAN_POINT('',(0.0449089470491726,-0.00489204004405278,0.0119351238484939));
#3845=CARTESIAN_POINT('',(0.0431594625115395,-0.00489204004405619,0.0100999502465129));
#3846=CARTESIAN_POINT('',(0.044095896970309,-0.00489204004405619,0.0100999502465129));
#3847=CARTESIAN_POINT('',(0.0450323314290785,-0.00489204004405619,0.0100999502465129));
#3848=CARTESIAN_POINT('',(0.0462935058434926,-0.00489204004405366,0.0114609671621775));
#3849=CARTESIAN_POINT('',(0.0414618961513043,-0.0048920400440571,0.00961223337799311));
#3850=CARTESIAN_POINT('',(0.0417817942798138,-0.0048920400440571,0.00961223337799311));
#3851=CARTESIAN_POINT('',(0.0411419980227948,-0.0048920400440571,0.00961223337799311));
#3852=CARTESIAN_POINT('',(0.0411419980227948,-0.00489204004406002,0.00803799810819328));
#3853=CARTESIAN_POINT('',(0.0411419980227948,-0.00489204004406295,0.00646376283839345));
#3854=CARTESIAN_POINT('',(0.0414618961513043,-0.00489204004406295,0.00646376283839345));
#3855=CARTESIAN_POINT('',(0.0417817942798138,-0.00489204004406295,0.00646376283839345));
#3856=CARTESIAN_POINT('',(0.0417817942798138,-0.00489204004406002,0.00803799810819328));
#3857=CARTESIAN_POINT('',(0.09749,-0.0068858975965353,0.0395038187402839));
#3858=CARTESIAN_POINT('',(0.0531703494489193,-0.00688024019236938,0.0190016776323356));
#3859=CARTESIAN_POINT('',(0.0531703494489193,-0.00687998396468547,0.0180731217121068));
#3860=CARTESIAN_POINT('',(0.09749,-0.00687670611819913,0.00619437498972188));
#3861=CARTESIAN_POINT('',(0.0417312830686569,-0.00687670611819913,0.00619437498972188));
#3862=CARTESIAN_POINT('',(0.0412598550319671,-0.00687670611819913,0.00619437498972188));
#3863=CARTESIAN_POINT('',(0.0417312830686569,-0.0068858975965353,0.0395038187402839));
#3864=CARTESIAN_POINT('',(0.0417312830686569,-0.00687659461502031,0.00579029321670901));
#3865=CARTESIAN_POINT('',(0.09749,-0.00687659461502031,0.00579029321670901));
#3866=CARTESIAN_POINT('',(0.0412598550319671,-0.00687659461502031,0.00579029321670901));
#3867=CARTESIAN_POINT('',(0.0412598550319671,-0.0068858975965353,0.0395038187402839));
#3868=CARTESIAN_POINT('',(0.09749,-0.00687739429434789,0.00868828988342802));
#3869=CARTESIAN_POINT('',(0.0525511974041033,-0.00687739429434789,0.00868828988342801));
#3870=CARTESIAN_POINT('',(0.0517219314419562,-0.00687739429434789,0.00868828988342802));
#3871=CARTESIAN_POINT('',(0.0957647071617959,-0.0068865197046978,0.041758306657));
#3872=CARTESIAN_POINT('',(0.0510893017053604,-0.00687708558537668,0.00756954448297988));
#3873=CARTESIAN_POINT('',(0.0521479525994702,-0.0068766886849777,0.00613119789380621));
#3874=CARTESIAN_POINT('',(0.0518596481945442,-0.00687679677361578,0.00652290554717551));
#3875=CARTESIAN_POINT('',(0.09749,-0.00687679677361578,0.00652290554717552));
#3876=CARTESIAN_POINT('',(0.0510363057255745,-0.00687679677361578,0.00652290554717554));
#3877=CARTESIAN_POINT('',(0.0534621614771851,-0.00687597700600454,0.00355210997584981));
#3878=CARTESIAN_POINT('',(0.0492080003023148,-0.00687741461149358,0.00876191817224397));
#3879=CARTESIAN_POINT('',(0.09749,-0.00687741461149358,0.00876191817224386));
#3880=CARTESIAN_POINT('',(0.0501221530139446,-0.00687741461149358,0.00876191817224395));
#3881=CARTESIAN_POINT('',(0.0528519358536182,-0.00687643417144097,0.00520885395461726));
#3882=CARTESIAN_POINT('',(0.050751523024447,-0.00687718856436733,0.00794273503743067));
#3883=CARTESIAN_POINT('',(0.095389585808661,-0.00688665198989345,0.0422377013879155));
#3884=CARTESIAN_POINT('',(0.09749,-0.00687739429434789,0.00868828988342802));
#3885=CARTESIAN_POINT('',(0.0471708604954685,-0.00687739429434789,0.00868828988342803));
#3886=CARTESIAN_POINT('',(0.0461226232547164,-0.00687739429434789,0.00868828988342802));
#3887=CARTESIAN_POINT('',(0.0471708604954685,-0.0068858975965353,0.0395038187402839));
#3888=CARTESIAN_POINT('',(0.0471708604954685,-0.00687730191754641,0.00835352111608159));
#3889=CARTESIAN_POINT('',(0.09749,-0.00687730191754641,0.00835352111608159));
#3890=CARTESIAN_POINT('',(0.0468089021742344,-0.00687730191754641,0.00835352111608159));
#3891=CARTESIAN_POINT('',(0.0468089021742344,-0.0068858975965353,0.0395038187402839));
#3892=CARTESIAN_POINT('',(0.0468089021742344,-0.00687718222161918,0.00791974924505126));
#3893=CARTESIAN_POINT('',(0.09749,-0.00687718222161918,0.00791974924505125));
#3894=CARTESIAN_POINT('',(0.0471895745514036,-0.00687718222161918,0.00791974924505126));
#3895=CARTESIAN_POINT('',(0.0933309350047787,-0.00688733661991718,0.0447187653072455));
#3896=CARTESIAN_POINT('',(0.0467504616106687,-0.00687708558537668,0.00756954448297988));
#3897=CARTESIAN_POINT('',(0.0581498834188032,-0.00688881006285642,0.0500584465760584));
#3898=CARTESIAN_POINT('',(0.0464447755986959,-0.006876771182697,0.00643016537651789));
#3899=CARTESIAN_POINT('',(0.09749,-0.006876771182697,0.00643016537651789));
#3900=CARTESIAN_POINT('',(0.0453394129872322,-0.006876771182697,0.00643016537651788));
#3901=CARTESIAN_POINT('',(0.0611788926387461,-0.00688937286161344,0.0520980002641768));
#3902=CARTESIAN_POINT('',(0.09749,-0.00687708558537668,0.00756954448297989));
#3903=CARTESIAN_POINT('',(0.0468628266810606,-0.00687708558537668,0.00756954448297989));
#3904=CARTESIAN_POINT('',(0.0475816521539598,-0.00687708558537668,0.00756954448297989));
#3905=CARTESIAN_POINT('',(0.0925136222140021,-0.00688755054751345,0.0454940278900503));
#3906=CARTESIAN_POINT('',(0.0472164600506105,-0.00687716665208711,0.00786332606332505));
#3907=CARTESIAN_POINT('',(0.062284953642935,-0.00687382169146077,-0.00425863884329323));
#3908=CARTESIAN_POINT('',(0.09749,-0.00689362484802045,0.0675069798507349));
#3909=CARTESIAN_POINT('',(0.0778002962470055,-0.00689362484802045,0.0675069798507349));
#3910=CARTESIAN_POINT('',(0.0851308856296541,-0.00689362484802045,0.0675069798507349));
#3911=CARTESIAN_POINT('',(0.0778002962470055,-0.0068858975965353,0.0395038187402839));
#3912=CARTESIAN_POINT('',(0.0778002962470055,-0.00687845827317806,0.0125440943252126));
#3913=CARTESIAN_POINT('',(0.09749,-0.00687845827317806,0.0125440943252126));
#3914=CARTESIAN_POINT('',(0.0854068345987799,-0.00687845827317806,0.0125440943252126));
#3915=CARTESIAN_POINT('',(0.0854068345987799,-0.0068858975965353,0.0395038187402839));
#3916=CARTESIAN_POINT('',(0.0854068345987799,-0.00687625450449667,0.00455775020870731));
#3917=CARTESIAN_POINT('',(0.09749,-0.00687625450449667,0.00455775020870731));
#3918=CARTESIAN_POINT('',(0.0774282835090162,-0.00687625450449667,0.00455775020870731));
#3919=CARTESIAN_POINT('',(0.0774282835090162,-0.0068858975965353,0.0395038187402839));
#3920=CARTESIAN_POINT('',(0.0774282835090162,-0.00687653836493238,0.00558644579723846));
#3921=CARTESIAN_POINT('',(0.09749,-0.00687653836493238,0.00558644579723847));
#3922=CARTESIAN_POINT('',(0.0599446222186089,-0.00687653836493238,0.00558644579723846));
#3923=CARTESIAN_POINT('',(0.0599446222186089,-0.0068858975965353,0.0395038187402839));
#3924=CARTESIAN_POINT('',(0.0599446222186089,-0.00689555836191602,0.0745139345526732));
#3925=CARTESIAN_POINT('',(0.09749,-0.00689555836191602,0.0745139345526732));
#3926=CARTESIAN_POINT('',(0.0771523345398904,-0.00689555836191601,0.0745139345526733));
#3927=CARTESIAN_POINT('',(0.0771523345398904,-0.0068858975965353,0.0395038187402839));
#3928=CARTESIAN_POINT('',(0.0771523345398904,-0.00689582861670184,0.0754933239672402));
#3929=CARTESIAN_POINT('',(0.09749,-0.00689582861670184,0.0754933239672402));
#3930=CARTESIAN_POINT('',(0.0851308856296541,-0.00689582861670184,0.0754933239672402));
#3931=CARTESIAN_POINT('',(0.0851308856296541,-0.0068858975965353,0.0395038187402839));
#3932=CARTESIAN_POINT('',(0.09749,-0.00687618237563873,0.00429635894514406));
#3933=CARTESIAN_POINT('',(0.0194641323208811,-0.00687618237563873,0.00429635894514406));
#3934=CARTESIAN_POINT('',(0.0274426834106447,-0.00687618237563873,0.00429635894514406));
#3935=CARTESIAN_POINT('',(0.0194641323208811,-0.0068858975965353,0.0395038187402839));
#3936=CARTESIAN_POINT('',(0.0194641323208811,-0.00687838614432012,0.0122827030616493));
#3937=CARTESIAN_POINT('',(0.09749,-0.00687838614432012,0.0122827030616493));
#3938=CARTESIAN_POINT('',(0.0274426834106447,-0.00687838614432012,0.0122827030616493));
#3939=CARTESIAN_POINT('',(0.0274426834106447,-0.0068858975965353,0.0395038187402839));
#3940=CARTESIAN_POINT('',(0.09749,-0.00689354840175921,0.0672299425401346));
#3941=CARTESIAN_POINT('',(0.0191874243319037,-0.00689354840175921,0.0672299425401346));
#3942=CARTESIAN_POINT('',(0.0271659754216673,-0.00689354840175921,0.0672299425401346));
#3943=CARTESIAN_POINT('',(0.0191874243319037,-0.0068858975965353,0.0395038187402839));
#3944=CARTESIAN_POINT('',(0.0191874243319037,-0.0068957521704406,0.0752162866566399));
#3945=CARTESIAN_POINT('',(0.09749,-0.0068957521704406,0.0752162866566399));
#3946=CARTESIAN_POINT('',(0.0271659754216673,-0.0068957521704406,0.0752162866566399));
#3947=CARTESIAN_POINT('',(0.0271659754216673,-0.0068858975965353,0.0395038187402839));
#3948=CARTESIAN_POINT('',(0.0918899999,-0.0068858975965353,0.0395038187402839));
#3949=CARTESIAN_POINT('',(0.0918899999,-0.00689592724652486,0.0758507533623615));
#3950=CARTESIAN_POINT('',(0.0918899999,-0.00687586794654574,0.00315688411820637));
#3951=CARTESIAN_POINT('',(0.09749,-0.00689592724652486,0.0758507533623615));
#3952=CARTESIAN_POINT('',(0.0166,-0.00689592724652486,0.0758507533623615));
#3953=CARTESIAN_POINT('',(0.0166,-0.0068858975965353,0.0395038187402839));
#3954=CARTESIAN_POINT('',(0.0166,-0.00687586794654574,0.00315688411820637));
#3955=CARTESIAN_POINT('',(0.09749,-0.00687586794654574,0.00315688411820637));
#3956=CARTESIAN_POINT('',(0.0545655973255634,-0.0068858975965353,0.0395038187402839));
#3957=CARTESIAN_POINT('',(0.0545655973255634,-0.00687764340421621,0.00959105120678851));
#3958=CARTESIAN_POINT('',(0.0545655973255634,-0.00687750722037481,0.00909752798465479));
#3959=CARTESIAN_POINT('',(0.09749,-0.00687750722037481,0.00909752798465479));
#3960=CARTESIAN_POINT('',(0.0539951100945473,-0.00687750722037481,0.00909752798465479));
#3961=CARTESIAN_POINT('',(0.0539951100945473,-0.0068858975965353,0.0395038187402839));
#3962=CARTESIAN_POINT('',(0.0539951100945473,-0.00687670121776395,0.00617661606520783));
#3963=CARTESIAN_POINT('',(0.09749,-0.00687670121776395,0.00617661606520783));
#3964=CARTESIAN_POINT('',(0.0546037778258324,-0.00687670121776395,0.00617661606520783));
#3965=CARTESIAN_POINT('',(0.0546037778258324,-0.0068858975965353,0.0395038187402839));
#3966=CARTESIAN_POINT('',(0.0546037778258324,-0.00687660614801082,0.00583208817989003));
#3967=CARTESIAN_POINT('',(0.09749,-0.00687660614801082,0.00583208817989003));
#3968=CARTESIAN_POINT('',(0.0421535549302203,-0.00687660614801082,0.00583208817989003));
#3969=CARTESIAN_POINT('',(0.0421535549302203,-0.0068858975965353,0.0395038187402839));
#3970=CARTESIAN_POINT('',(0.0421535549302203,-0.00687670121776395,0.00617661606520783));
#3971=CARTESIAN_POINT('',(0.09749,-0.00687670121776395,0.00617661606520783));
#3972=CARTESIAN_POINT('',(0.0532151833176613,-0.00687670121776395,0.00617661606520783));
#3973=CARTESIAN_POINT('',(0.0532151833176613,-0.0068858975965353,0.0395038187402839));
#3974=CARTESIAN_POINT('',(0.0532151833176613,-0.00687750722037481,0.00909752798465479));
#3975=CARTESIAN_POINT('',(0.09749,-0.00687750722037481,0.00909752798465479));
#3976=CARTESIAN_POINT('',(0.042168979626139,-0.00687750722037481,0.00909752798465479));
#3977=CARTESIAN_POINT('',(0.042168979626139,-0.0068858975965353,0.0395038187402839));
#3978=CARTESIAN_POINT('',(0.042168979626139,-0.00687764340421621,0.00959105120678851));
#3979=CARTESIAN_POINT('',(0.09749,-0.00687764340421621,0.00959105120678851));
#3980=CARTESIAN_POINT('',(0.0508951507508755,-0.00688024019236938,0.0190016776323356));
#3981=CARTESIAN_POINT('',(0.0508951507508755,-0.00687998396468547,0.0180731217121068));
#3982=CARTESIAN_POINT('',(0.048705268651247,-0.00688024803985023,0.019030116498474));
#3983=CARTESIAN_POINT('',(0.048705268651247,-0.00687999181216632,0.0181015605782453));
#3984=CARTESIAN_POINT('',(0.0464585050940514,-0.00688024803985023,0.019030116498474));
#3985=CARTESIAN_POINT('',(0.0464585050940514,-0.00687999181216632,0.0181015605782453));
#3986=CARTESIAN_POINT('',(0.0442686229944229,-0.00688024803985023,0.019030116498474));
#3987=CARTESIAN_POINT('',(0.0442686229944229,-0.00687999181216632,0.0181015605782453));
#3988=CARTESIAN_POINT('',(0.0419081039726734,-0.00688024803985023,0.019030116498474));
#3989=CARTESIAN_POINT('',(0.0419081039726734,-0.00687999181216632,0.0181015605782453));
#3990=CARTESIAN_POINT('',(0.0411245436525345,-0.0068858975965353,0.0395038187402839));
#3991=CARTESIAN_POINT('',(0.0411245436525345,-0.00687775243994185,0.00998619105667242));
#3992=CARTESIAN_POINT('',(0.0411245436525345,-0.00687979286745747,0.0173805952072181));
#3993=CARTESIAN_POINT('',(0.09749,-0.00687979286745747,0.0173805952072181));
#3994=CARTESIAN_POINT('',(0.0425181039726734,-0.00687979286745747,0.0173805952072181));
#3995=CARTESIAN_POINT('',(0.0425181039726734,-0.0068858975965353,0.0395038187402839));
#3996=CARTESIAN_POINT('',(0.0425181039726734,-0.00687775243994185,0.00998619105667242));
#3997=CARTESIAN_POINT('',(0.09749,-0.00687775243994185,0.00998619105667242));
#3998=CARTESIAN_POINT('',(0.0526199854648286,-0.00688837390326554,0.048477826698875));
#3999=CARTESIAN_POINT('',(0.0442397780716419,-0.00687681164992083,0.00657681650995802));
#4000=CARTESIAN_POINT('',(0.0446620730162051,-0.00687739429434789,0.00868828988342803));
#4001=CARTESIAN_POINT('',(0.0440482704527767,-0.006877125194048,0.00771308426638601));
#4002=CARTESIAN_POINT('',(0.0438295598760379,-0.00687681300785848,0.0065817376059835));
#4003=CARTESIAN_POINT('',(0.0507170971036031,-0.0068880755886654,0.0473967499634552));
#4004=CARTESIAN_POINT('',(0.0438688173890114,-0.00687687720219929,0.00681437458843362));
#4005=CARTESIAN_POINT('',(0.0530575318721025,-0.00688855885393922,0.0491480784077371));
#4006=CARTESIAN_POINT('',(0.0442397780716419,-0.00687734880609031,0.00852344278246533));
#4007=CARTESIAN_POINT('',(0.0526585762032628,-0.00688847953054557,0.0488606145175778));
#4008=CARTESIAN_POINT('',(0.0443050940036543,-0.00687743516207965,0.00883639243696799));
#4009=CARTESIAN_POINT('',(0.0440482704527767,-0.006877125194048,0.00771308426638595));
#4010=CARTESIAN_POINT('',(0.09749,-0.00687739429434789,0.00868828988342802));
#4011=CARTESIAN_POINT('',(0.0482190977362206,-0.00687739429434789,0.00868828988342803));
#4012=CARTESIAN_POINT('',(0.0472215362683249,-0.00687739429434789,0.00868828988342803));
#4013=CARTESIAN_POINT('',(0.0459476413228257,-0.00687861908568151,0.0131268705492499));
#4014=CARTESIAN_POINT('',(0.0493272393941879,-0.00687679726080669,0.00652290554717552));
#4015=CARTESIAN_POINT('',(0.0973890287653074,-0.00687675635065184,0.00637641480932793));
#4016=CARTESIAN_POINT('',(0.0481687262654304,-0.00687679774799761,0.00652643665671718));
#4017=CARTESIAN_POINT('',(0.044449023341334,-0.00687896463975652,0.014379140706837));
#4018=CARTESIAN_POINT('',(0.0476746224246728,-0.00687708558537668,0.00756954448297989));
#4019=CARTESIAN_POINT('',(0.060453632180475,-0.00687404505110002,-0.00344919502286517));
#4020=CARTESIAN_POINT('',(0.0472684716060003,-0.00687718222161918,0.00791974924505126));
#4021=CARTESIAN_POINT('',(0.09749,-0.00687718222161918,0.00791974924505125));
#4022=CARTESIAN_POINT('',(0.0476438538576736,-0.00687718222161918,0.00791974924505126));
#4023=CARTESIAN_POINT('',(0.043153261511853,-0.0068808996140691,0.021391387884746));
#4024=CARTESIAN_POINT('',(0.0474992617485784,-0.00687730191754641,0.00835352111608159));
#4025=CARTESIAN_POINT('',(0.09749,-0.00687730191754641,0.00835352111608159));
#4026=CARTESIAN_POINT('',(0.0472215362683249,-0.00687730191754641,0.00835352111608159));
#4027=CARTESIAN_POINT('',(0.0472215362683249,-0.0068858975965353,0.0395038187402839));
#4028=CARTESIAN_POINT('',(0.0507976723117387,-0.00688811945701029,0.0475557265843364));
#4029=CARTESIAN_POINT('',(0.0437357067473398,-0.0068768191490496,0.00660399296607533));
#4030=CARTESIAN_POINT('',(0.0437763740021603,-0.00687688422335493,0.0068398188945949));
#4031=CARTESIAN_POINT('',(0.0440482704527768,-0.006877125194048,0.00771308426638607));
#4032=CARTESIAN_POINT('',(0.0441903814185368,-0.00687744073286707,0.00885658068342994));
#4033=CARTESIAN_POINT('',(0.0544472584226441,-0.00688884523753288,0.0501859177905891));
#4034=CARTESIAN_POINT('',(0.0441121675878324,-0.00687735376779994,0.00854142376243635));
#4035=CARTESIAN_POINT('',(0.0440542977303267,-0.0068771130041448,0.00766890868544948));
#4036=CARTESIAN_POINT('',(0.0526015497744083,-0.0068858975965353,0.0395038187402839));
#4037=CARTESIAN_POINT('',(0.0526015497744083,-0.00687778383089322,0.0100999502465166));
#4038=CARTESIAN_POINT('',(0.0526015497744083,-0.0068798007154523,0.0174090359360017));
#4039=CARTESIAN_POINT('',(0.097922021735419,-0.00688005592617463,0.0183339064398511));
#4040=CARTESIAN_POINT('',(0.0539951100945473,-0.00687980856293315,0.0174374748021401));
#4041=CARTESIAN_POINT('',(0.0539951100945473,-0.0068858975965353,0.0395038187402839));
#4042=CARTESIAN_POINT('',(0.0539951100945473,-0.00687778383089322,0.0100999502465166));
#4043=CARTESIAN_POINT('',(0.09749,-0.00687778383089322,0.0100999502465166));
#4044=CARTESIAN_POINT('',(0.0577943073214469,-0.00687554526935574,0.00198751861280898));
#4045=CARTESIAN_POINT('',(0.0475546802579067,-0.00687853495466395,0.0128219840778459));
#4046=CARTESIAN_POINT('',(0.0501272678375244,-0.00687778383089322,0.0100999502465166));
#4047=CARTESIAN_POINT('',(0.0839260465466576,-0.00688936589029083,0.0520727365503513));
#4048=CARTESIAN_POINT('',(0.0450323314290785,-0.00687778383089322,0.0100999502465166));
#4049=CARTESIAN_POINT('',(0.09749,-0.00687778383089322,0.0100999502465166));
#4050=CARTESIAN_POINT('',(0.0431594625115395,-0.00687778383089322,0.0100999502465166));
#4051=CARTESIAN_POINT('',(0.0837118760167567,-0.00688952203723018,0.0526386050105497));
#4052=CARTESIAN_POINT('',(0.0466584315868059,-0.00687879663426106,0.0137702974504786));
#4053=CARTESIAN_POINT('',(0.0577943073214469,-0.00687554526935574,0.00198751861280898));
#4054=CARTESIAN_POINT('',(0.0432732254266739,-0.00687978501997661,0.0173521563410796));
#4055=CARTESIAN_POINT('',(0.09749,-0.00687978501997661,0.0173521563410796));
#4056=CARTESIAN_POINT('',(0.0449492242803715,-0.00687978501997661,0.0173521563410796));
#4057=CARTESIAN_POINT('',(0.0582979298739271,-0.00687582869991231,0.00301465634146198));
#4058=CARTESIAN_POINT('',(0.0474808523226135,-0.006879034690235,0.0146330000303583));
#4059=CARTESIAN_POINT('',(0.0837118760167568,-0.00688952203723018,0.0526386050105497));
#4060=CARTESIAN_POINT('',(0.0501272678375244,-0.0068798007154523,0.0174090359360017));
#4061=CARTESIAN_POINT('',(0.09749,-0.0068798007154523,0.0174090359360017));
#4062=CARTESIAN_POINT('',(0.0518052317202092,-0.0068798007154523,0.0174090359360017));
#4063=CARTESIAN_POINT('',(0.0839260465466577,-0.00688936589029083,0.0520727365503513));
#4064=CARTESIAN_POINT('',(0.0483589189378847,-0.00687877444683211,0.0136898913515518));
#4065=CARTESIAN_POINT('',(0.0582979298739271,-0.00687582869991231,0.00301465634146196));
#4066=CARTESIAN_POINT('',(0.0517012775715794,-0.00687778383089322,0.0100999502465166));
#4067=CARTESIAN_POINT('',(0.09749,-0.00687778383089322,0.0100999502465166));
#4068=CARTESIAN_POINT('',(0.09749,-0.00687764924926932,0.00961223337799679));
#4069=CARTESIAN_POINT('',(0.0417817942798138,-0.00687764924926932,0.00961223337799679));
#4070=CARTESIAN_POINT('',(0.0411419980227948,-0.00687764924926932,0.00961223337799679));
#4071=CARTESIAN_POINT('',(0.0417817942798138,-0.0068858975965353,0.0395038187402839));
#4072=CARTESIAN_POINT('',(0.0417817942798138,-0.00687678045365167,0.00646376283839714));
#4073=CARTESIAN_POINT('',(0.09749,-0.00687678045365167,0.00646376283839714));
#4074=CARTESIAN_POINT('',(0.0411419980227948,-0.00687678045365167,0.00646376283839714));
#4075=CARTESIAN_POINT('',(0.0411419980227948,-0.0068858975965353,0.0395038187402839));
#4076=CARTESIAN_POINT('',(0.0771523345398904,-0.018,0.0715001519089876));
#4077=CARTESIAN_POINT('',(0.0771523345398904,-0.0179999999999944,0.0745139345526939));
#4078=CARTESIAN_POINT('',(0.0771523345398904,-0.00949204004393646,0.0745139345526781));
#4079=CARTESIAN_POINT('',(0.0771523345398904,-0.00949204004394207,0.0715001519089717));
#4080=CARTESIAN_POINT('',(0.0771523345398904,-0.00949204004394949,0.0675069798507349));
#4081=CARTESIAN_POINT('',(0.0771523345398904,-0.018,0.0675069798507349));
#4082=CARTESIAN_POINT('',(0.0771523345398904,-0.018,0.0675069798507349));
#4083=CARTESIAN_POINT('',(0.0771523345398904,-0.018,0.0715001519089876));
#4084=CARTESIAN_POINT('',(0.0771523345398904,-0.018,0.0754933239672402));
#4085=CARTESIAN_POINT('',(0.0771523345398904,-0.018,0.0754933239672402));
#4086=CARTESIAN_POINT('',(0.0974899999,-0.0503473129195938,0.0394954066535679));
#4087=CARTESIAN_POINT('',(0.0946921812887836,-0.0664428032051734,0.0119050157611419));
#4088=CARTESIAN_POINT('',(0.0946921812887836,-0.0656331566584133,0.013292886792932));
#4089=CARTESIAN_POINT('',(0.0918899999,-0.0503473129195938,0.0394954066535679));
#4090=CARTESIAN_POINT('',(0.0918899999,-0.0291385836898495,0.0758507533623615));
#4091=CARTESIAN_POINT('',(0.0918899999,-0.0715560421493381,0.00314005994477431));
#4092=CARTESIAN_POINT('',(0.09749,-0.0715560421493381,0.00314005994477431));
#4093=CARTESIAN_POINT('',(0.09749,-0.0715560421493381,0.00314005994477431));
#4094=CARTESIAN_POINT('',(0.0974899999,-0.0503473129195938,0.0394954066535679));
#4095=CARTESIAN_POINT('',(0.0974899999,-0.0291385836898495,0.0758507533623615));
#4096=CARTESIAN_POINT('',(0.0974899999,-0.0291385836898495,0.0758507533623615));
#4097=CARTESIAN_POINT('',(0.0974899999,-0.0180172554681871,0.0758507533623615));
#4098=CARTESIAN_POINT('',(0.0946189738229234,-0.00932944803052353,0.0758507533623615));
#4099=CARTESIAN_POINT('',(0.0946189738229234,-0.0109301962354837,0.0758507533623615));
#4100=CARTESIAN_POINT('',(0.0918899999,-0.0180172554681871,0.0758507533623615));
#4101=CARTESIAN_POINT('',(0.0974899999,-0.0180172554681871,0.0758507533623615));
#4102=CARTESIAN_POINT('',(0.09749,-0.00689592724652486,0.0758507533623615));
#4103=CARTESIAN_POINT('',(0.09749,-0.00689592724652486,0.0758507533623615));
#4104=CARTESIAN_POINT('',(0.0974899999,-0.0391438934464162,0.0383514724671858));
#4105=CARTESIAN_POINT('',(0.09749,-0.072475894499119,0.00157002997238716));
#4106=CARTESIAN_POINT('',(0.09749,-0.0733957468489,-1.34441069388203E-17));
#4107=CARTESIAN_POINT('',(0.09749,-0.0391438934464875,-1.36609473733173E-17));
#4108=CARTESIAN_POINT('',(0.09749,-0.00589398364522942,0.0758510298407973));
#4109=CARTESIAN_POINT('',(0.0918899999,-0.0391438934464162,0.0383514724671858));
#4110=CARTESIAN_POINT('',(0.0918899999,-0.00688589759660288,0.00315688411820641));
#4111=CARTESIAN_POINT('',(0.0918899999,-0.00689592724666002,0.00315688411820641));
#4112=CARTESIAN_POINT('',(0.0918899999,-0.0392259846979991,0.00314847203149036));
#4113=CARTESIAN_POINT('',(0.09749,-0.00589398364522942,0.0758510298407973));
#4114=CARTESIAN_POINT('',(0.011,-0.00589398364522942,0.0758510298407973));
#4115=CARTESIAN_POINT('',(0.011,-0.00689592724652486,0.0758507533623615));
#4116=CARTESIAN_POINT('',(0.0166,-0.00689592724652486,0.0758507533623615));
#4117=CARTESIAN_POINT('',(0.09749,-0.00688589759660288,0.00315688411820641));
#4118=CARTESIAN_POINT('',(0.0166,-0.00688589759660288,0.00315688411820641));
#4119=CARTESIAN_POINT('',(0.0166,-0.00689592724666002,0.00315688411820641));
#4120=CARTESIAN_POINT('',(0.09749,-0.00689592724666002,0.00315688411820641));
#4121=CARTESIAN_POINT('',(0.09749,-0.0392259846979991,0.00314847203149036));
#4122=CARTESIAN_POINT('',(0.09749,-0.0715560421493381,0.00314005994477431));
#4123=CARTESIAN_POINT('',(0.0166,-0.0715560421493381,0.00314005994477431));
#4124=CARTESIAN_POINT('',(0.0166,-0.0392259846979991,0.00314847203149036));
#4125=CARTESIAN_POINT('',(0.09749,-0.072475894499119,0.00157002997238716));
#4126=CARTESIAN_POINT('',(0.011,-0.072475894499119,0.00157002997238716));
#4127=CARTESIAN_POINT('',(0.011,-0.0715560421493381,0.00314005994477431));
#4128=CARTESIAN_POINT('',(0.011,-0.0733957468489,-1.34441069388203E-17));
#4129=CARTESIAN_POINT('',(0.09749,-0.0733957468489,-1.34441069388203E-17));
#4130=CARTESIAN_POINT('',(0.0166,-0.0715560421493381,0.00314005994477431));
#4131=CARTESIAN_POINT('',(0.09749,-0.0391438934464875,-1.36609473733173E-17));
#4132=CARTESIAN_POINT('',(0.011,-0.0391438934464875,-1.36609473733173E-17));
#4133=CARTESIAN_POINT('',(0.011,-0.0391438934464162,0.0383514724671858));
#4134=CARTESIAN_POINT('',(0.011,-0.0503473129195938,0.0394954066535679));
#4135=CARTESIAN_POINT('',(0.011,-0.0291385836898495,0.0758507533623615));
#4136=CARTESIAN_POINT('',(0.011,-0.0180172554681871,0.0758507533623615));
#4137=CARTESIAN_POINT('',(0.0166,-0.0503473129195938,0.0394954066535679));
#4138=CARTESIAN_POINT('',(0.0139163937419653,-0.0664428032051734,0.0119050157611419));
#4139=CARTESIAN_POINT('',(0.0139163937419653,-0.0656331566584133,0.013292886792932));
#4140=CARTESIAN_POINT('',(0.0166,-0.0503473129195938,0.0394954066535679));
#4141=CARTESIAN_POINT('',(0.0166,-0.0291385836898495,0.0758507533623615));
#4142=CARTESIAN_POINT('',(0.0166,-0.0291385836898495,0.0758507533623615));
#4143=CARTESIAN_POINT('',(0.0166,-0.0180172554681871,0.0758507533623615));
#4144=CARTESIAN_POINT('',(0.0136721309411349,-0.00910132457211596,0.0758507533623615));
#4145=CARTESIAN_POINT('',(0.0136721309411349,-0.0107020727770761,0.0758507533623615));
#4146=CARTESIAN_POINT('',(0.0166,-0.0180172554681871,0.0758507533623615));
#4147=CARTESIAN_POINT('',(0.0166,-0.0391438934464162,0.0383514724671858));
#4148=CARTESIAN_POINT('',(0.0194641323208811,-0.018,0.0082895310033967));
#4149=CARTESIAN_POINT('',(0.0194641323208811,-0.018,0.00429635894514406));
#4150=CARTESIAN_POINT('',(0.0194641323208811,-0.018,0.00429635894514406));
#4151=CARTESIAN_POINT('',(0.0194641323208811,-0.018,0.0082895310033967));
#4152=CARTESIAN_POINT('',(0.0194641323208811,-0.018,0.0122827030616493));
#4153=CARTESIAN_POINT('',(0.0194641323208811,-0.018,0.0122827030616493));
#4154=CARTESIAN_POINT('',(0.0234534078657629,-0.018,0.00429635894514406));
#4155=CARTESIAN_POINT('',(0.0274426834106447,-0.018,0.00429635894514406));
#4156=CARTESIAN_POINT('',(0.0274426834106447,-0.018,0.00429635894514406));
#4157=CARTESIAN_POINT('',(0.0234534078657629,-0.018,0.00429635894514406));
#4158=CARTESIAN_POINT('',(0.0274426834106447,-0.018,0.0082895310033967));
#4159=CARTESIAN_POINT('',(0.0274426834106447,-0.018,0.0122827030616493));
#4160=CARTESIAN_POINT('',(0.0274426834106447,-0.018,0.0122827030616493));
#4161=CARTESIAN_POINT('',(0.0274426834106447,-0.018,0.0082895310033967));
#4162=CARTESIAN_POINT('',(0.0234534078657629,-0.018,0.0122827030616493));
#4163=CARTESIAN_POINT('',(0.0234534078657629,-0.018,0.0122827030616493));
#4164=CARTESIAN_POINT('',(0.0239277798682451,-0.018,0.00768993144611225));
#4165=CARTESIAN_POINT('',(0.0239277798682451,-0.018,0.00768993144611225));
#4166=CARTESIAN_POINT('',(0.0239277798682451,-0.018,0.00538757615588042));
#4167=CARTESIAN_POINT('',(0.0239277798682451,-0.00687711880520983,0.00768993144611225));
#4168=CARTESIAN_POINT('',(0.0239277798682451,-0.00687648348842307,0.00538757615588043));
#4169=CARTESIAN_POINT('',(0.0522971294653417,-0.018,0.0398948414561921));
#4170=CARTESIAN_POINT('',(0.09749,-0.0068858975965353,0.0395038187402839));
#4171=CARTESIAN_POINT('',(0.0811416100847722,-0.018,0.0675069798507349));
#4172=CARTESIAN_POINT('',(0.0811416100847722,-0.00949204004394949,0.0675069798507349));
#4173=CARTESIAN_POINT('',(0.0778002962470055,-0.00949204004394949,0.0675069798507349));
#4174=CARTESIAN_POINT('',(0.0778002962470055,-0.018,0.0675069798507349));
#4175=CARTESIAN_POINT('',(0.0851308856296541,-0.018,0.0675069798507349));
#4176=CARTESIAN_POINT('',(0.0851308856296541,-0.018,0.0675069798507349));
#4177=CARTESIAN_POINT('',(0.0811416100847722,-0.018,0.0675069798507349));
#4178=CARTESIAN_POINT('',(0.0851308856296541,-0.018,0.0715001519089876));
#4179=CARTESIAN_POINT('',(0.0851308856296541,-0.018,0.0754933239672402));
#4180=CARTESIAN_POINT('',(0.0851308856296541,-0.018,0.0754933239672402));
#4181=CARTESIAN_POINT('',(0.0851308856296541,-0.018,0.0715001519089876));
#4182=CARTESIAN_POINT('',(0.0811416100847722,-0.018,0.0754933239672402));
#4183=CARTESIAN_POINT('',(0.0811416100847722,-0.018,0.0754933239672402));
#4184=CARTESIAN_POINT('',(0.0808723345398903,-0.018,0.0709021528350423));
#4185=CARTESIAN_POINT('',(0.0808723345398903,-0.018,0.0709021528350423));
#4186=CARTESIAN_POINT('',(0.0808723345398903,-0.018,0.0685997975448105));
#4187=CARTESIAN_POINT('',(0.0808723345398903,-0.0068945617192323,0.0709021528350423));
#4188=CARTESIAN_POINT('',(0.0808723345398903,-0.00689392640244554,0.0685997975448105));
#4189=CARTESIAN_POINT('',(0.0522971294653417,-0.018,0.0398948414561921));
#4190=CARTESIAN_POINT('',(0.09749,-0.0068858975965353,0.0395038187402839));
#4191=CARTESIAN_POINT('',(0.0191874243319037,-0.018,0.0712231145983873));
#4192=CARTESIAN_POINT('',(0.0191874243319037,-0.018,0.0672299425401346));
#4193=CARTESIAN_POINT('',(0.0191874243319037,-0.018,0.0672299425401346));
#4194=CARTESIAN_POINT('',(0.0191874243319037,-0.018,0.0712231145983873));
#4195=CARTESIAN_POINT('',(0.0191874243319037,-0.018,0.0752162866566399));
#4196=CARTESIAN_POINT('',(0.0191874243319037,-0.018,0.0752162866566399));
#4197=CARTESIAN_POINT('',(0.0231766998767854,-0.018,0.0672299425401346));
#4198=CARTESIAN_POINT('',(0.0271659754216673,-0.018,0.0672299425401346));
#4199=CARTESIAN_POINT('',(0.0271659754216673,-0.018,0.0672299425401346));
#4200=CARTESIAN_POINT('',(0.0231766998767854,-0.018,0.0672299425401346));
#4201=CARTESIAN_POINT('',(0.0271659754216673,-0.018,0.0712231145983873));
#4202=CARTESIAN_POINT('',(0.0271659754216673,-0.018,0.0752162866566399));
#4203=CARTESIAN_POINT('',(0.0271659754216673,-0.018,0.0752162866566399));
#4204=CARTESIAN_POINT('',(0.0271659754216673,-0.018,0.0712231145983873));
#4205=CARTESIAN_POINT('',(0.0231766998767854,-0.018,0.0752162866566399));
#4206=CARTESIAN_POINT('',(0.0231766998767854,-0.018,0.0752162866566399));
#4207=CARTESIAN_POINT('',(0.0231171585619449,-0.018,0.0706867177780412));
#4208=CARTESIAN_POINT('',(0.0231171585619449,-0.018,0.0706867177780412));
#4209=CARTESIAN_POINT('',(0.0231171585619449,-0.018,0.0683843624878094));
#4210=CARTESIAN_POINT('',(0.0231171585619449,-0.00689450227162717,0.0706867177780412));
#4211=CARTESIAN_POINT('',(0.0231171585619449,-0.00689386695484041,0.0683843624878094));
#4212=CARTESIAN_POINT('',(0.0522971294653417,-0.018,0.0398948414561921));
#4213=CARTESIAN_POINT('',(0.09749,-0.0068858975965353,0.0395038187402839));
#4214=CARTESIAN_POINT('',(0.0774282835090162,-0.018,0.00855092226695995));
#4215=CARTESIAN_POINT('',(0.0774282835090162,-0.0180000000000055,0.00558644579725914));
#4216=CARTESIAN_POINT('',(0.0774282835090162,-0.00949204004406458,0.00558644579724333));
#4217=CARTESIAN_POINT('',(0.0774282835090162,-0.018,0.00455775020870731));
#4218=CARTESIAN_POINT('',(0.0774282835090162,-0.018,0.00455775020870731));
#4219=CARTESIAN_POINT('',(0.0774282835090162,-0.018,0.00855092226695995));
#4220=CARTESIAN_POINT('',(0.0774282835090162,-0.018,0.0125440943252126));
#4221=CARTESIAN_POINT('',(0.0774282835090162,-0.018,0.0125440943252126));
#4222=CARTESIAN_POINT('',(0.0774282835090162,-0.00949204004405165,0.0125440943252126));
#4223=CARTESIAN_POINT('',(0.0774282835090162,-0.00949204004405907,0.00855092226694414));
#4224=CARTESIAN_POINT('',(0.081417559053898,-0.018,0.00455775020870731));
#4225=CARTESIAN_POINT('',(0.0854068345987799,-0.018,0.00455775020870731));
#4226=CARTESIAN_POINT('',(0.0854068345987799,-0.018,0.00455775020870731));
#4227=CARTESIAN_POINT('',(0.081417559053898,-0.018,0.00455775020870731));
#4228=CARTESIAN_POINT('',(0.0854068345987799,-0.018,0.00855092226695995));
#4229=CARTESIAN_POINT('',(0.0854068345987799,-0.018,0.0125440943252126));
#4230=CARTESIAN_POINT('',(0.0854068345987799,-0.018,0.0125440943252126));
#4231=CARTESIAN_POINT('',(0.0854068345987799,-0.018,0.00855092226695995));
#4232=CARTESIAN_POINT('',(0.081417559053898,-0.018,0.0125440943252126));
#4233=CARTESIAN_POINT('',(0.0778002962470055,-0.018,0.0125440943252126));
#4234=CARTESIAN_POINT('',(0.0778002962470055,-0.00949204004405165,0.0125440943252126));
#4235=CARTESIAN_POINT('',(0.081417559053898,-0.00949204004405165,0.0125440943252126));
#4236=CARTESIAN_POINT('',(0.081417559053898,-0.018,0.0125440943252126));
#4237=CARTESIAN_POINT('',(0.0813772231340408,-0.018,0.00861710348207738));
#4238=CARTESIAN_POINT('',(0.0813772231340408,-0.018,0.00861710348207738));
#4239=CARTESIAN_POINT('',(0.0813772231340408,-0.018,0.00631474819184555));
#4240=CARTESIAN_POINT('',(0.0813772231340408,-0.00687737465102179,0.00861710348207738));
#4241=CARTESIAN_POINT('',(0.0813772231340408,-0.00687673933423503,0.00631474819184555));
#4242=CARTESIAN_POINT('',(0.0522971294653417,-0.018,0.0398948414561921));
#4243=CARTESIAN_POINT('',(0.09749,-0.0068858975965353,0.0395038187402839));
#4244=CARTESIAN_POINT('',(0.0139163937419653,-0.0537553801513539,0.00447168256752388));
#4245=CARTESIAN_POINT('',(0.0139163937419653,-0.0537553801513539,0.00447168256752388));
#4246=CARTESIAN_POINT('',(0.0139163937419653,-0.054567619017295,0.0030853303289619));
#4247=CARTESIAN_POINT('',(0.0543000125,-0.0389826751226729,0.0296861527743864));
#4248=CARTESIAN_POINT('',(0.0946921812887836,-0.0537553801513539,0.00447168256752388));
#4249=CARTESIAN_POINT('',(0.0946921812887836,-0.0537553801513539,0.00447168256752388));
#4250=CARTESIAN_POINT('',(0.0946921812887836,-0.054567619017295,0.00308533032896191));
#4251=CARTESIAN_POINT('',(0.0543000125,-0.0389826751226729,0.0296861527743864));
#4252=CARTESIAN_POINT('',(0.0136721309411349,-0.00909466100711843,0.0517023372593281));
#4253=CARTESIAN_POINT('',(0.0136721309411349,-0.00909466100711843,0.0517023372593281));
#4254=CARTESIAN_POINT('',(0.0136721309411349,-0.0106954090901912,0.0517018955455175));
#4255=CARTESIAN_POINT('',(0.0542969029055108,-0.017712130233309,0.0516999593366495));
#4256=CARTESIAN_POINT('',(0.0946189738229234,-0.00932278444815575,0.0517022743104634));
#4257=CARTESIAN_POINT('',(0.0946189738229234,-0.00932278444815575,0.0517022743104634));
#4258=CARTESIAN_POINT('',(0.0946189738229234,-0.0109235325312285,0.0517018325966528));
#4259=CARTESIAN_POINT('',(0.0542969029055108,-0.017712130233309,0.0516999593366495));
#4260=CARTESIAN_POINT('',(0.0599446222186089,-0.00949204004400052,0.0400501901749607));
#4261=CARTESIAN_POINT('',(0.0599446222186089,-0.00949204004406458,0.00558644579724332));
#4262=CARTESIAN_POINT('',(0.0599446222186089,-0.00949204004393646,0.0745139345526781));
#4263=CARTESIAN_POINT('',(0.0688724592328072,-0.00949204004393646,0.0745139345526781));
#4264=CARTESIAN_POINT('',(0.0778002962470055,-0.00949204004393646,0.0745139345526781));
#4265=CARTESIAN_POINT('',(0.0778002962470055,-0.00949204004393646,0.0745139345526781));
#4266=CARTESIAN_POINT('',(0.0688724592328072,-0.00949204004393646,0.0745139345526781));
#4267=CARTESIAN_POINT('',(0.0688724592328072,-0.00949204004406458,0.00558644579724333));
#4268=CARTESIAN_POINT('',(0.0688724592328072,-0.00949204004406458,0.00558644579724333));
#4269=CARTESIAN_POINT('',(0.0778002962470055,-0.00949204004406458,0.00558644579724333));
#4270=CARTESIAN_POINT('',(0.0778002962470055,-0.00949204004406458,0.00558644579724333));
#4271=CARTESIAN_POINT('',(0.0778002962470055,-0.00949204004400052,0.0400501901749607));
#4272=CARTESIAN_POINT('',(0.0778002962470055,-0.00949204004400052,0.0400501901749607));
#4273=CARTESIAN_POINT('',(0.0778002962470055,-0.00949204004400052,0.0400501901749607));
#4274=CARTESIAN_POINT('',(0.054245,-0.00949204004400447,0.0379256531596251));
#4275=CARTESIAN_POINT('',(0.054245,-0.00949204004400447,0.0379256531596251));
#4276=CARTESIAN_POINT('',(0.0542803537100554,-0.011892040044058,0.00909752798466412));
#4277=CARTESIAN_POINT('',(0.0545655973255634,-0.011892040044058,0.00909752798466412));
#4278=CARTESIAN_POINT('',(0.0539951100945473,-0.011892040044058,0.00909752798466412));
#4279=CARTESIAN_POINT('',(0.0539951100945473,-0.0118920400440608,0.00763707202494064));
#4280=CARTESIAN_POINT('',(0.0539951100945473,-0.0118920400440635,0.00617661606521716));
#4281=CARTESIAN_POINT('',(0.0542994439601898,-0.0118920400440635,0.00617661606521716));
#4282=CARTESIAN_POINT('',(0.0546037778258324,-0.0118920400440635,0.00617661606521716));
#4283=CARTESIAN_POINT('',(0.0546037778258324,-0.0118920400440638,0.00600435212255825));
#4284=CARTESIAN_POINT('',(0.0546037778258324,-0.0118920400440641,0.00583208817989935));
#4285=CARTESIAN_POINT('',(0.0483786663780264,-0.0118920400440641,0.00583208817989935));
#4286=CARTESIAN_POINT('',(0.0421535549302203,-0.0118920400440641,0.00583208817989935));
#4287=CARTESIAN_POINT('',(0.0421535549302203,-0.0118920400440638,0.00600435212255825));
#4288=CARTESIAN_POINT('',(0.0421535549302203,-0.0118920400440635,0.00617661606521716));
#4289=CARTESIAN_POINT('',(0.0476843691239408,-0.0118920400440635,0.00617661606521716));
#4290=CARTESIAN_POINT('',(0.0532151833176613,-0.0118920400440635,0.00617661606521716));
#4291=CARTESIAN_POINT('',(0.0532151833176613,-0.0118920400440608,0.00763707202494064));
#4292=CARTESIAN_POINT('',(0.0532151833176613,-0.011892040044058,0.00909752798466412));
#4293=CARTESIAN_POINT('',(0.0476920814719001,-0.011892040044058,0.00909752798466412));
#4294=CARTESIAN_POINT('',(0.042168979626139,-0.011892040044058,0.00909752798466412));
#4295=CARTESIAN_POINT('',(0.042168979626139,-0.0118920400440576,0.00934428959573097));
#4296=CARTESIAN_POINT('',(0.042168979626139,-0.0118920400440571,0.00959105120679783));
#4297=CARTESIAN_POINT('',(0.0483672884758512,-0.0118920400440571,0.00959105120679783));
#4298=CARTESIAN_POINT('',(0.0545655973255634,-0.0118920400440571,0.00959105120679783));
#4299=CARTESIAN_POINT('',(0.0545655973255634,-0.0118920400440576,0.00934428959573097));
#4300=CARTESIAN_POINT('',(0.0508951507508755,-0.0118920400440396,0.0190016776323449));
#4301=CARTESIAN_POINT('',(0.048705268651247,-0.0118920400440396,0.0190301164984833));
#4302=CARTESIAN_POINT('',(0.0464585050940514,-0.0118920400440396,0.0190301164984833));
#4303=CARTESIAN_POINT('',(0.0442686229944229,-0.0118920400440396,0.0190301164984833));
#4304=CARTESIAN_POINT('',(0.0419081039726734,-0.0118920400440396,0.0190301164984833));
#4305=CARTESIAN_POINT('',(0.0418213238126039,-0.0118920400440427,0.0173805952072274));
#4306=CARTESIAN_POINT('',(0.0411245436525345,-0.0118920400440427,0.0173805952072274));
#4307=CARTESIAN_POINT('',(0.0425181039726734,-0.0118920400440427,0.0173805952072274));
#4308=CARTESIAN_POINT('',(0.0425181039726734,-0.0118920400440495,0.0136833931319545));
#4309=CARTESIAN_POINT('',(0.0425181039726734,-0.0118920400440564,0.00998619105668174));
#4310=CARTESIAN_POINT('',(0.0418213238126039,-0.0118920400440564,0.00998619105668174));
#4311=CARTESIAN_POINT('',(0.0411245436525345,-0.0118920400440564,0.00998619105668174));
#4312=CARTESIAN_POINT('',(0.0411245436525345,-0.0118920400440495,0.0136833931319545));
#4313=CARTESIAN_POINT('',(0.0444509255439236,-0.0118920400440608,0.00763255319670235));
#4314=CARTESIAN_POINT('',(0.0446620730162051,-0.0118920400440588,0.00868828988343735));
#4315=CARTESIAN_POINT('',(0.0442397780716419,-0.0118920400440627,0.00657681650996734));
#4316=CARTESIAN_POINT('',(0.0440482704527767,-0.0118920400440606,0.00771308426639534));
#4317=CARTESIAN_POINT('',(0.0438295598760379,-0.0118920400440627,0.00658173760599282));
#4318=CARTESIAN_POINT('',(0.0438491886325247,-0.0118920400440625,0.00669805609721788));
#4319=CARTESIAN_POINT('',(0.0438688173890114,-0.0118920400440623,0.00681437458844294));
#4320=CARTESIAN_POINT('',(0.0440542977303267,-0.0118920400440607,0.0076689086854588));
#4321=CARTESIAN_POINT('',(0.0442397780716419,-0.0118920400440591,0.00852344278247466));
#4322=CARTESIAN_POINT('',(0.0442724360376481,-0.0118920400440588,0.00867991760972599));
#4323=CARTESIAN_POINT('',(0.0443050940036543,-0.0118920400440585,0.00883639243697731));
#4324=CARTESIAN_POINT('',(0.0440482704527767,-0.0118920400440606,0.00771308426639527));
#4325=CARTESIAN_POINT('',(0.0472222394175102,-0.0118920400440609,0.00756954448298921));
#4326=CARTESIAN_POINT('',(0.0475816521539598,-0.0118920400440609,0.00756954448298921));
#4327=CARTESIAN_POINT('',(0.0468628266810606,-0.0118920400440609,0.00756954448298921));
#4328=CARTESIAN_POINT('',(0.0470396433658355,-0.0118920400440606,0.00771643527316179));
#4329=CARTESIAN_POINT('',(0.0472164600506105,-0.0118920400440603,0.00786332606333437));
#4330=CARTESIAN_POINT('',(0.0473990561022851,-0.0118920400440606,0.00771643527316179));
#4331=CARTESIAN_POINT('',(0.0477203170022727,-0.0118920400440588,0.00868828988343735));
#4332=CARTESIAN_POINT('',(0.0472215362683249,-0.0118920400440588,0.00868828988343735));
#4333=CARTESIAN_POINT('',(0.0482190977362206,-0.0118920400440588,0.00868828988343735));
#4334=CARTESIAN_POINT('',(0.0487731685652042,-0.0118920400440608,0.00760559771531108));
#4335=CARTESIAN_POINT('',(0.0493272393941879,-0.0118920400440628,0.00652290554718484));
#4336=CARTESIAN_POINT('',(0.0487479828298092,-0.0118920400440628,0.00652467110195568));
#4337=CARTESIAN_POINT('',(0.0481687262654305,-0.0118920400440628,0.00652643665672651));
#4338=CARTESIAN_POINT('',(0.0479216743450516,-0.0118920400440619,0.00704799056985785));
#4339=CARTESIAN_POINT('',(0.0476746224246728,-0.0118920400440609,0.00756954448298921));
#4340=CARTESIAN_POINT('',(0.0474715470153365,-0.0118920400440606,0.0077446468640249));
#4341=CARTESIAN_POINT('',(0.0472684716060003,-0.0118920400440602,0.00791974924506058));
#4342=CARTESIAN_POINT('',(0.0474561627318369,-0.0118920400440602,0.00791974924506058));
#4343=CARTESIAN_POINT('',(0.0476438538576736,-0.0118920400440602,0.00791974924506058));
#4344=CARTESIAN_POINT('',(0.047571557803126,-0.0118920400440598,0.00813663518057575));
#4345=CARTESIAN_POINT('',(0.0474992617485784,-0.0118920400440594,0.00835352111609091));
#4346=CARTESIAN_POINT('',(0.0473603990084517,-0.0118920400440594,0.00835352111609091));
#4347=CARTESIAN_POINT('',(0.0472215362683249,-0.0118920400440594,0.00835352111609091));
#4348=CARTESIAN_POINT('',(0.0472215362683249,-0.0118920400440591,0.00852090549976413));
#4349=CARTESIAN_POINT('',(0.0466467418750925,-0.0118920400440588,0.00868828988343735));
#4350=CARTESIAN_POINT('',(0.0461226232547164,-0.0118920400440588,0.00868828988343734));
#4351=CARTESIAN_POINT('',(0.0471708604954685,-0.0118920400440588,0.00868828988343735));
#4352=CARTESIAN_POINT('',(0.0471708604954685,-0.0118920400440591,0.00852090549976413));
#4353=CARTESIAN_POINT('',(0.0471708604954685,-0.0118920400440594,0.00835352111609091));
#4354=CARTESIAN_POINT('',(0.0469898813348514,-0.0118920400440594,0.00835352111609091));
#4355=CARTESIAN_POINT('',(0.0468089021742344,-0.0118920400440594,0.00835352111609091));
#4356=CARTESIAN_POINT('',(0.0468089021742344,-0.0118920400440598,0.00813663518057575));
#4357=CARTESIAN_POINT('',(0.0468089021742344,-0.0118920400440602,0.00791974924506058));
#4358=CARTESIAN_POINT('',(0.046999238362819,-0.0118920400440602,0.00791974924506058));
#4359=CARTESIAN_POINT('',(0.0471895745514036,-0.0118920400440602,0.00791974924506058));
#4360=CARTESIAN_POINT('',(0.0469700180810362,-0.0118920400440606,0.0077446468640249));
#4361=CARTESIAN_POINT('',(0.0467504616106687,-0.0118920400440609,0.00756954448298921));
#4362=CARTESIAN_POINT('',(0.0465976186046823,-0.0118920400440619,0.00699985492975821));
#4363=CARTESIAN_POINT('',(0.0464447755986959,-0.011892040044063,0.00643016537652721));
#4364=CARTESIAN_POINT('',(0.045892094292964,-0.011892040044063,0.00643016537652721));
#4365=CARTESIAN_POINT('',(0.0453394129872322,-0.011892040044063,0.00643016537652721));
#4366=CARTESIAN_POINT('',(0.0457310181209743,-0.0118920400440609,0.00755922762998228));
#4367=CARTESIAN_POINT('',(0.0437560403747501,-0.0118920400440625,0.00672190593034444));
#4368=CARTESIAN_POINT('',(0.0437763740021603,-0.0118920400440622,0.00683981889460422));
#4369=CARTESIAN_POINT('',(0.0437357067473398,-0.0118920400440627,0.00660399296608466));
#4370=CARTESIAN_POINT('',(0.0440482704527768,-0.0118920400440606,0.0077130842663954));
#4371=CARTESIAN_POINT('',(0.0441903814185368,-0.0118920400440585,0.00885658068343927));
#4372=CARTESIAN_POINT('',(0.0441512745031846,-0.0118920400440588,0.00869900222294247));
#4373=CARTESIAN_POINT('',(0.0441121675878324,-0.0118920400440591,0.00854142376244567));
#4374=CARTESIAN_POINT('',(0.0440542977303267,-0.0118920400440607,0.0076689086854588));
#4375=CARTESIAN_POINT('',(0.0521365644230297,-0.0118920400440588,0.00868828988343735));
#4376=CARTESIAN_POINT('',(0.0517219314419562,-0.0118920400440588,0.00868828988343734));
#4377=CARTESIAN_POINT('',(0.0525511974041033,-0.0118920400440588,0.00868828988343733));
#4378=CARTESIAN_POINT('',(0.0518202495547318,-0.0118920400440599,0.00812891718321327));
#4379=CARTESIAN_POINT('',(0.0510893017053604,-0.0118920400440609,0.00756954448298921));
#4380=CARTESIAN_POINT('',(0.0514744749499523,-0.0118920400440619,0.00704622501508702));
#4381=CARTESIAN_POINT('',(0.0518596481945442,-0.0118920400440628,0.00652290554718484));
#4382=CARTESIAN_POINT('',(0.0514479769600593,-0.0118920400440628,0.00652290554718484));
#4383=CARTESIAN_POINT('',(0.0510363057255745,-0.0118920400440628,0.00652290554718484));
#4384=CARTESIAN_POINT('',(0.0501221530139447,-0.0118920400440608,0.00764241185971909));
#4385=CARTESIAN_POINT('',(0.0492080003023148,-0.0118920400440587,0.00876191817225329));
#4386=CARTESIAN_POINT('',(0.0496650766581297,-0.0118920400440587,0.00876191817225328));
#4387=CARTESIAN_POINT('',(0.0501221530139446,-0.0118920400440587,0.00876191817225327));
#4388=CARTESIAN_POINT('',(0.0504368380191958,-0.0118920400440594,0.00835232660484663));
#4389=CARTESIAN_POINT('',(0.050751523024447,-0.0118920400440602,0.00794273503743999));
#4390=CARTESIAN_POINT('',(0.0512367272332016,-0.0118920400440595,0.00831551246043866));
#4391=CARTESIAN_POINT('',(0.0532983299344778,-0.0118920400440426,0.0174232553690802));
#4392=CARTESIAN_POINT('',(0.0526015497744083,-0.0118920400440426,0.0174090359360109));
#4393=CARTESIAN_POINT('',(0.0539951100945473,-0.0118920400440425,0.0174374748021495));
#4394=CARTESIAN_POINT('',(0.0539951100945473,-0.0118920400440494,0.0137687125243377));
#4395=CARTESIAN_POINT('',(0.0539951100945473,-0.0118920400440562,0.0100999502465259));
#4396=CARTESIAN_POINT('',(0.0532983299344778,-0.0118920400440562,0.0100999502465259));
#4397=CARTESIAN_POINT('',(0.0526015497744083,-0.0118920400440562,0.0100999502465259));
#4398=CARTESIAN_POINT('',(0.0526015497744083,-0.0118920400440494,0.0137544930912684));
#4399=CARTESIAN_POINT('',(0.0488409740477156,-0.0118920400440537,0.0114609671621905));
#4400=CARTESIAN_POINT('',(0.0501272678375244,-0.0118920400440562,0.0100999502465259));
#4401=CARTESIAN_POINT('',(0.0475546802579067,-0.0118920400440511,0.0128219840778552));
#4402=CARTESIAN_POINT('',(0.0462935058434926,-0.0118920400440537,0.0114609671621905));
#4403=CARTESIAN_POINT('',(0.0450323314290785,-0.0118920400440562,0.0100999502465259));
#4404=CARTESIAN_POINT('',(0.044095896970309,-0.0118920400440562,0.0100999502465259));
#4405=CARTESIAN_POINT('',(0.0431594625115395,-0.0118920400440562,0.0100999502465259));
#4406=CARTESIAN_POINT('',(0.0449089470491726,-0.0118920400440528,0.0119351238485069));
#4407=CARTESIAN_POINT('',(0.0466584315868059,-0.0118920400440494,0.0137702974504879));
#4408=CARTESIAN_POINT('',(0.0449658285067399,-0.011892040044046,0.0155612268957884));
#4409=CARTESIAN_POINT('',(0.0432732254266739,-0.0118920400440427,0.0173521563410889));
#4410=CARTESIAN_POINT('',(0.0441112248535227,-0.0118920400440427,0.0173521563410889));
#4411=CARTESIAN_POINT('',(0.0449492242803715,-0.0118920400440427,0.0173521563410889));
#4412=CARTESIAN_POINT('',(0.0462150383014925,-0.0118920400440452,0.0159925781857283));
#4413=CARTESIAN_POINT('',(0.0474808523226135,-0.0118920400440478,0.0146330000303676));
#4414=CARTESIAN_POINT('',(0.048804060080069,-0.0118920400440452,0.0160210179831893));
#4415=CARTESIAN_POINT('',(0.0501272678375244,-0.0118920400440426,0.0174090359360109));
#4416=CARTESIAN_POINT('',(0.0509662497788668,-0.0118920400440426,0.0174090359360109));
#4417=CARTESIAN_POINT('',(0.0518052317202092,-0.0118920400440426,0.0174090359360109));
#4418=CARTESIAN_POINT('',(0.0500820753290469,-0.0118920400440461,0.015549463643786));
#4419=CARTESIAN_POINT('',(0.0483589189378847,-0.0118920400440495,0.0136898913515611));
#4420=CARTESIAN_POINT('',(0.050030098254732,-0.0118920400440529,0.0118949207990435));
#4421=CARTESIAN_POINT('',(0.0517012775715794,-0.0118920400440562,0.0100999502465259));
#4422=CARTESIAN_POINT('',(0.0509142727045519,-0.0118920400440562,0.0100999502465259));
#4423=CARTESIAN_POINT('',(0.0414955690503121,-0.0118920400440634,0.00619437498973121));
#4424=CARTESIAN_POINT('',(0.0412598550319671,-0.0118920400440634,0.00619437498973121));
#4425=CARTESIAN_POINT('',(0.0417312830686569,-0.0118920400440634,0.00619437498973121));
#4426=CARTESIAN_POINT('',(0.0417312830686569,-0.0118920400440638,0.00599233410322477));
#4427=CARTESIAN_POINT('',(0.0417312830686569,-0.0118920400440642,0.00579029321671833));
#4428=CARTESIAN_POINT('',(0.0414955690503121,-0.0118920400440642,0.00579029321671833));
#4429=CARTESIAN_POINT('',(0.0412598550319671,-0.0118920400440642,0.00579029321671833));
#4430=CARTESIAN_POINT('',(0.0412598550319671,-0.0118920400440638,0.00599233410322477));
#4431=CARTESIAN_POINT('',(0.0414618961513043,-0.0118920400440571,0.00961223337800612));
#4432=CARTESIAN_POINT('',(0.0411419980227948,-0.0118920400440571,0.00961223337800612));
#4433=CARTESIAN_POINT('',(0.0417817942798138,-0.0118920400440571,0.00961223337800612));
#4434=CARTESIAN_POINT('',(0.0417817942798138,-0.01189204004406,0.00803799810820629));
#4435=CARTESIAN_POINT('',(0.0417817942798138,-0.0118920400440629,0.00646376283840646));
#4436=CARTESIAN_POINT('',(0.0414618961513043,-0.0118920400440629,0.00646376283840646));
#4437=CARTESIAN_POINT('',(0.0411419980227948,-0.0118920400440629,0.00646376283840646));
#4438=CARTESIAN_POINT('',(0.0411419980227948,-0.01189204004406,0.00803799810820629));
#4439=CARTESIAN_POINT('',(0.0531703494489193,-0.0118920400440396,0.0190016776323449));
#4440=MECHANICAL_DESIGN_GEOMETRIC_PRESENTATION_REPRESENTATION('',(#2785),
#4441);
#4441=(
GEOMETRIC_REPRESENTATION_CONTEXT(3)
GLOBAL_UNCERTAINTY_ASSIGNED_CONTEXT((#4442))
GLOBAL_UNIT_ASSIGNED_CONTEXT((#4445,#4444,#4443))
REPRESENTATION_CONTEXT('Part 2','TOP_LEVEL_ASSEMBLY_PART')
);
#4442=UNCERTAINTY_MEASURE_WITH_UNIT(LENGTH_MEASURE(2.1E-5),#4445,
'DISTANCE_ACCURACY_VALUE','Maximum Tolerance applied to model');
#4443=(
NAMED_UNIT(*)
SI_UNIT($,.STERADIAN.)
SOLID_ANGLE_UNIT()
);
#4444=(
NAMED_UNIT(*)
PLANE_ANGLE_UNIT()
SI_UNIT($,.RADIAN.)
);
#4445=(
LENGTH_UNIT()
NAMED_UNIT(*)
SI_UNIT($,.METRE.)
);
#4446=PRODUCT_DEFINITION_SHAPE('','',#4447);
#4447=PRODUCT_DEFINITION('','',#4449,#4448);
#4448=PRODUCT_DEFINITION_CONTEXT('',#4455,'design');
#4449=PRODUCT_DEFINITION_FORMATION_WITH_SPECIFIED_SOURCE('','',#4451,
 .NOT_KNOWN.);
#4450=PRODUCT_RELATED_PRODUCT_CATEGORY('','',(#4451));
#4451=PRODUCT('Part 2','Part 2','Part 2',(#4453));
#4452=PRODUCT_CATEGORY('','');
#4453=PRODUCT_CONTEXT('',#4455,'mechanical');
#4454=APPLICATION_PROTOCOL_DEFINITION('international standard',
'ap242_managed_model_based_3d_engineering',2020,#4455);
#4455=APPLICATION_CONTEXT('managed model based 3d engineering');
ENDSEC;
END-ISO-10303-21;
